,Agency Name,Black,Hispanic,White,Asian or Pacific Islander,American Indian/Alaska Native,Hawaiian Native/Pacific Islander,Two or More Races,Total Enrollment
0,ABC UNIFIED,1791.0,9425.0,1302.0,7459.0,63.0,158.0,524.0,20722.0
1,ACALANES UNION HIGH,95.0,508.0,3622.0,850.0,9.0,16.0,402.0,5502.0
2,ACKERMAN CHARTER,4.0,74.0,460.0,9.0,2.0,0.0,37.0,586.0
3,ACTON-AGUA DULCE UNIFIED,705.0,3466.0,4199.0,536.0,36.0,18.0,1040.0,10000.0
4,ADELANTO ELEMENTARY,2156.0,6327.0,1010.0,139.0,35.0,88.0,517.0,10272.0
5,ALAMEDA CNTY. STUDENT EXCHANGE PROG.,0.0,0.0,0.0,0.0,0.0,0.0,0.0,0.0
6,ALAMEDA COUNTY OFFICE OF EDUCATION,543.0,1581.0,209.0,263.0,16.0,33.0,225.0,2870.0
7,ALAMEDA UNIFIED,924.0,1897.0,3292.0,3722.0,33.0,85.0,1206.0,11159.0
8,ALBANY CITY UNIFIED,117.0,603.0,1368.0,1080.0,5.0,7.0,522.0,3702.0
9,ALEXANDER VALLEY UNION ELEMENTARY,1.0,48.0,80.0,0.0,0.0,0.0,1.0,130.0
10,ALHAMBRA UNIFIED,112.0,7071.0,349.0,9084.0,33.0,16.0,406.0,17071.0
11,ALISAL UNION,34.0,8414.0,117.0,131.0,4.0,18.0,517.0,9235.0
12,ALLENSWORTH ELEMENTARY,1.0,77.0,0.0,0.0,0.0,0.0,0.0,78.0
13,ALPAUGH UNIFIED,16.0,501.0,213.0,15.0,4.0,0.0,44.0,793.0
14,ALPINE COUNTY OFFICE OF EDUCATION,0.0,0.0,0.0,0.0,2.0,0.0,0.0,2.0
15,ALPINE COUNTY UNIFIED,0.0,4.0,42.0,0.0,32.0,0.0,2.0,80.0
16,ALPINE UNION ELEMENTARY,37.0,400.0,1111.0,35.0,81.0,7.0,74.0,1745.0
17,ALTA LOMA ELEMENTARY,381.0,2676.0,2281.0,501.0,31.0,28.0,90.0,5988.0
18,ALTA VISTA ELEMENTARY,0.0,449.0,76.0,5.0,4.0,19.0,2.0,555.0
19,ALTA-DUTCH FLAT UNION ELEMENTARY,0.0,6.0,91.0,1.0,1.0,0.0,5.0,104.0
20,ALUM ROCK UNION ELEMENTARY,156.0,9154.0,194.0,1868.0,21.0,97.0,134.0,11624.0
21,ALVIEW-DAIRYLAND UNION ELEMENTARY,0.0,213.0,156.0,10.0,1.0,0.0,1.0,381.0
22,ALVINA ELEMENTARY,0.0,154.0,24.0,1.0,2.0,1.0,0.0,182.0
23,ALVORD UNIFIED,720.0,15161.0,2034.0,949.0,40.0,85.0,245.0,19234.0
24,AMADOR COUNTY OFFICE OF EDUCATION,0.0,51.0,143.0,0.0,9.0,0.0,19.0,222.0
25,AMADOR COUNTY ROP,0.0,0.0,0.0,0.0,0.0,0.0,0.0,0.0
26,AMADOR COUNTY UNIFIED,23.0,780.0,2652.0,54.0,101.0,9.0,245.0,3864.0
27,ANAHEIM ELEMENTARY,265.0,15961.0,873.0,1046.0,18.0,67.0,328.0,18558.0
28,ANAHEIM UNION HIGH,716.0,20555.0,3135.0,5287.0,145.0,167.0,726.0,30731.0
29,ANDERSON UNION HIGH,30.0,293.0,1274.0,49.0,104.0,10.0,52.0,1812.0
30,ANDERSON VALLEY UNIFIED,5.0,384.0,110.0,1.0,4.0,0.0,3.0,507.0
31,ANTELOPE ELEMENTARY,9.0,187.0,568.0,11.0,16.0,1.0,24.0,816.0
32,ANTELOPE VALLEY ROP,0.0,0.0,0.0,0.0,0.0,0.0,0.0,0.0
33,ANTELOPE VALLEY SCHOOLS TRANSPORTATION AGENCY,0.0,0.0,0.0,0.0,0.0,0.0,0.0,0.0
34,ANTELOPE VALLEY UNION HIGH,4207.0,14647.0,3260.0,628.0,77.0,46.0,1030.0,23895.0
35,ANTIOCH UNIFIED,4333.0,7533.0,2623.0,1630.0,104.0,214.0,889.0,17326.0
36,APPLE VALLEY UNIFIED,1287.0,6520.0,5718.0,424.0,58.0,72.0,291.0,14370.0
37,ARCADIA UNIFIED,170.0,1380.0,1290.0,6483.0,12.0,8.0,182.0,9525.0
38,ARCATA ELEMENTARY,13.0,159.0,715.0,19.0,34.0,3.0,121.0,1064.0
39,ARCOHE UNION ELEMENTARY,12.0,204.0,198.0,7.0,5.0,2.0,23.0,451.0
40,ARENA UNION ELEMENTARY,0.0,154.0,113.0,0.0,28.0,0.0,18.0,313.0
41,ARENA UNION ELEMENTARY/POINT ARENA JOINT UNION HIGH,0.0,0.0,0.0,0.0,0.0,0.0,0.0,0.0
42,ARMONA UNION ELEMENTARY,54.0,1051.0,348.0,22.0,27.0,2.0,38.0,1542.0
43,AROMAS - SAN JUAN UNIFIED,3.0,760.0,320.0,15.0,1.0,0.0,19.0,1118.0
44,ARVIN UNION,16.0,2902.0,95.0,7.0,5.0,0.0,3.0,3028.0
45,ATASCADERO UNIFIED,64.0,1288.0,2983.0,108.0,47.0,5.0,132.0,4627.0
46,ATWATER ELEMENTARY,113.0,3511.0,969.0,218.0,35.0,13.0,105.0,4964.0
47,AUBURN UNION ELEMENTARY,28.0,626.0,1209.0,49.0,21.0,2.0,100.0,2035.0
48,AZUSA UNIFIED,116.0,8073.0,296.0,184.0,19.0,1.0,56.0,8745.0
49,BAKER VALLEY UNIFIED,0.0,110.0,14.0,0.0,0.0,0.0,0.0,124.0
50,BAKERSFIELD CITY,2422.0,23959.0,2899.0,368.0,150.0,37.0,537.0,30372.0
51,BALDWIN PARK UNIFIED,564.0,14575.0,577.0,1049.0,230.0,41.0,697.0,17733.0
52,BALDY VIEW ROP,0.0,0.0,0.0,0.0,0.0,0.0,0.0,0.0
53,BALDY VIEW ROP JPA,0.0,0.0,0.0,0.0,0.0,0.0,0.0,0.0
54,BALLARD ELEMENTARY,1.0,18.0,105.0,3.0,0.0,0.0,2.0,129.0
55,BALLICO-CRESSEY ELEMENTARY,5.0,211.0,104.0,11.0,3.0,0.0,39.0,373.0
56,BANGOR UNION ELEMENTARY,0.0,13.0,67.0,0.0,4.0,0.0,3.0,87.0
57,BANNING UNIFIED,365.0,3072.0,580.0,249.0,128.0,7.0,140.0,4541.0
58,BANTA ELEMENTARY,23.0,357.0,169.0,177.0,0.0,4.0,40.0,770.0
59,BARSTOW UNIFIED,1106.0,3212.0,1287.0,89.0,68.0,71.0,321.0,6154.0
60,BASS LAKE JOINT UNION ELEMENTARY,5.0,162.0,657.0,19.0,17.0,1.0,30.0,891.0
61,BASSETT UNIFIED,28.0,3444.0,42.0,166.0,6.0,3.0,0.0,3689.0
62,BAYSHORE ELEMENTARY,15.0,158.0,10.0,152.0,0.0,19.0,14.0,368.0
63,BEAR VALLEY UNIFIED,20.0,876.0,1510.0,26.0,10.0,3.0,78.0,2523.0
64,BEARDSLEY ELEMENTARY,58.0,690.0,923.0,6.0,7.0,0.0,126.0,1810.0
65,BEAUMONT UNIFIED,627.0,5174.0,3226.0,542.0,91.0,30.0,285.0,9975.0
66,BELLA VISTA ELEMENTARY,7.0,39.0,275.0,11.0,17.0,1.0,11.0,361.0
67,BELLEVIEW ELEMENTARY,5.0,32.0,100.0,1.0,2.0,3.0,4.0,147.0
68,BELLEVUE UNION,29.0,1585.0,179.0,61.0,17.0,1.0,23.0,1895.0
69,BELLFLOWER UNIFIED,1604.0,7928.0,1274.0,1035.0,59.0,96.0,301.0,12297.0
70,BELMONT-REDWOOD SHORES ELEMENTARY,71.0,500.0,1797.0,1286.0,6.0,34.0,536.0,4230.0
71,BELRIDGE ELEMENTARY,0.0,32.0,0.0,0.0,0.0,0.0,0.0,32.0
72,BENICIA UNIFIED,383.0,907.0,2239.0,599.0,21.0,15.0,689.0,4853.0
73,BENNETT VALLEY UNION ELEMENTARY,23.0,220.0,666.0,48.0,4.0,9.0,65.0,1035.0
74,BERKELEY UNIFIED,1667.0,2473.0,3868.0,814.0,16.0,22.0,1378.0,10238.0
75,BERRYESSA UNION ELEMENTARY,129.0,1719.0,381.0,4640.0,3.0,46.0,378.0,7296.0
76,BEVERLY HILLS UNIFIED,111.0,319.0,2923.0,499.0,8.0,10.0,153.0,4023.0
77,BIG CREEK ELEMENTARY,0.0,15.0,39.0,0.0,0.0,0.0,1.0,55.0
78,BIG LAGOON UNION ELEMENTARY,0.0,4.0,8.0,0.0,4.0,0.0,2.0,18.0
79,BIG OAK FLAT-GROVELAND UNIFIED,5.0,48.0,236.0,3.0,4.0,0.0,6.0,302.0
80,BIG PINE UNIFIED,0.0,36.0,40.0,1.0,76.0,1.0,17.0,171.0
81,BIG SPRINGS UNION ELEMENTARY,1.0,34.0,121.0,5.0,3.0,0.0,15.0,179.0
82,BIG SUR UNIFIED,0.0,26.0,67.0,2.0,0.0,1.0,13.0,109.0
83,BIG VALLEY JOINT UNIFIED,0.0,21.0,118.0,0.0,8.0,0.0,0.0,147.0
84,BIGGS UNIFIED,13.0,231.0,348.0,13.0,5.0,2.0,5.0,617.0
85,BISHOP UNIFIED,9.0,714.0,734.0,23.0,279.0,0.0,131.0,1890.0
86,BITTERWATER-TULLY ELEMENTARY,0.0,11.0,21.0,0.0,0.0,0.0,0.0,32.0
87,BLACK BUTTE UNION ELEMENTARY,2.0,22.0,162.0,2.0,12.0,2.0,11.0,213.0
88,BLACK OAK MINE UNIFIED,6.0,118.0,1067.0,11.0,29.0,0.0,22.0,1253.0
89,BLAKE ELEMENTARY,0.0,4.0,7.0,0.0,0.0,0.0,0.0,11.0
90,BLOCHMAN UNION ELEMENTARY,15.0,326.0,814.0,18.0,8.0,5.0,91.0,1277.0
91,BLP SCHS SELF-INC. WORKERS COMPENSATION,0.0,0.0,0.0,0.0,0.0,0.0,0.0,0.0
92,BLUE LAKE UNION ELEMENTARY,1.0,20.0,95.0,0.0,13.0,0.0,40.0,169.0
93,BOGUS ELEMENTARY,0.0,0.0,14.0,0.0,0.0,0.0,6.0,20.0
94,BOLINAS-STINSON UNION,1.0,20.0,52.0,2.0,0.0,0.0,10.0,85.0
95,BONITA UNIFIED,313.0,5202.0,2976.0,830.0,23.0,17.0,866.0,10227.0
96,BONNY DOON UNION ELEMENTARY,0.0,5.0,152.0,3.0,2.0,0.0,1.0,163.0
97,BONSALL UNIFIED,56.0,932.0,1360.0,135.0,153.0,11.0,212.0,2859.0
98,BORREGO SPRINGS UNIFIED,34.0,704.0,113.0,6.0,4.0,5.0,20.0,886.0
99,BRADLEY UNION ELEMENTARY,3.0,53.0,131.0,6.0,5.0,0.0,16.0,214.0
100,BRAWLEY ELEMENTARY,34.0,3794.0,143.0,16.0,1.0,1.0,3.0,3992.0
101,BRAWLEY UNION HIGH,21.0,1650.0,152.0,15.0,1.0,2.0,5.0,1846.0
102,BREA-OLINDA UNIFIED,96.0,2150.0,1972.0,1477.0,10.0,26.0,178.0,5909.0
103,BRENTWOOD UNION ELEMENTARY,639.0,2719.0,3812.0,983.0,29.0,59.0,676.0,8917.0
104,BRET HARTE UNION HIGH,0.0,138.0,497.0,13.0,10.0,0.0,38.0,696.0
105,BRIDGEVILLE ELEMENTARY,0.0,2.0,20.0,0.0,0.0,0.0,3.0,25.0
106,BRIGGS ELEMENTARY,0.0,513.0,26.0,0.0,0.0,0.0,3.0,542.0
107,BRISBANE ELEMENTARY,8.0,148.0,134.0,133.0,0.0,4.0,37.0,464.0
108,BRITTAN ELEMENTARY,0.0,102.0,309.0,0.0,5.0,0.0,50.0,466.0
109,BROWNS ELEMENTARY,1.0,63.0,73.0,5.0,0.0,1.0,9.0,152.0
110,BUCKEYE UNION ELEMENTARY,47.0,742.0,3599.0,453.0,14.0,16.0,345.0,5216.0
111,BUELLTON UNION ELEMENTARY,4.0,268.0,294.0,8.0,4.0,0.0,36.0,614.0
112,BUENA PARK ELEMENTARY,218.0,3197.0,341.0,928.0,17.0,25.0,111.0,4837.0
113,BUENA VISTA ELEMENTARY,4.0,139.0,63.0,0.0,0.0,0.0,3.0,209.0
114,BURBANK UNIFIED,418.0,5891.0,7373.0,1458.0,57.0,16.0,886.0,16099.0
115,BURLINGAME ELEMENTARY,22.0,506.0,1775.0,791.0,6.0,14.0,296.0,3410.0
116,BURNT RANCH ELEMENTARY,4.0,20.0,33.0,2.0,32.0,0.0,5.0,96.0
117,BURREL UNION ELEMENTARY,0.0,100.0,9.0,3.0,0.0,0.0,0.0,112.0
118,BURTON ELEMENTARY,33.0,3305.0,1007.0,241.0,61.0,8.0,26.0,4681.0
119,BUTTE COUNTY OFFICE OF EDUCATION,19.0,216.0,828.0,18.0,31.0,3.0,97.0,1212.0
120,BUTTE COUNTY ROP,0.0,0.0,0.0,0.0,0.0,0.0,0.0,0.0
121,BUTTE VALLEY UNIFIED,0.0,146.0,139.0,4.0,13.0,0.0,6.0,308.0
122,BUTTEVILLE UNION ELEMENTARY,0.0,30.0,1.0,0.0,0.0,0.0,180.0,211.0
123,BUTTONWILLOW UNION ELEMENTARY,3.0,339.0,27.0,3.0,1.0,0.0,1.0,374.0
124,BYRON UNION ELEMENTARY,92.0,527.0,1336.0,111.0,50.0,29.0,89.0,2234.0
125,CA ADVANCING PATHWAYS FOR STUDENTS IN LOS ANGELES CO JPA,0.0,0.0,0.0,0.0,0.0,0.0,0.0,0.0
126,CA ADVANCING PATHWAYS FOR STUDENTS IN LOS ANGELES CO ROC/P,0.0,0.0,0.0,0.0,0.0,0.0,0.0,0.0
127,CA SCH FOR THE DEAF-RIVERSIDE (STATE SPECIAL SCHL),21.0,220.0,88.0,10.0,0.0,2.0,11.0,352.0
128,CABRILLO UNIFIED,13.0,1685.0,1358.0,91.0,4.0,5.0,123.0,3279.0
129,CAJON VALLEY UNION,1025.0,6065.0,8086.0,497.0,34.0,90.0,1127.0,16924.0
130,CALAVERAS COUNTY OFFICE OF EDUCATION,10.0,102.0,354.0,2.0,6.0,3.0,48.0,525.0
131,CALAVERAS UNIFIED,20.0,554.0,2123.0,37.0,49.0,6.0,143.0,2932.0
132,CALEXICO UNIFIED,4.0,9185.0,30.0,27.0,1.0,0.0,5.0,9252.0
133,CALIENTE UNION ELEMENTARY,0.0,5.0,43.0,0.0,0.0,0.0,3.0,51.0
134,CALIFORNIA EDUCATION AUTHORITY (CEA) HEADQUARTERS,125.0,218.0,31.0,10.0,1.0,3.0,0.0,388.0
135,CALIFORNIA SCHOOL FOR THE BLIND (STATE SPECIAL SCHL),1.0,21.0,10.0,3.0,0.0,2.0,2.0,39.0
136,CALIFORNIA SCHOOL FOR THE DEAF-FREMONT (STATE SPECIAL SCHL),33.0,190.0,85.0,48.0,1.0,2.0,21.0,380.0
137,CALIPATRIA UNIFIED,28.0,1014.0,95.0,4.0,0.0,0.0,9.0,1150.0
138,CALISTOGA JOINT UNIFIED,0.0,712.0,115.0,14.0,1.0,0.0,17.0,859.0
139,CAMBRIAN,91.0,812.0,1549.0,673.0,23.0,14.0,352.0,3514.0
140,CAMINO UNION ELEMENTARY,0.0,154.0,292.0,0.0,12.0,1.0,44.0,503.0
141,CAMPBELL UNION,262.0,3515.0,1809.0,1170.0,15.0,46.0,648.0,7465.0
142,CAMPBELL UNION HIGH,202.0,2684.0,3148.0,1316.0,31.0,52.0,377.0,7810.0
143,CAMPTONVILLE ELEMENTARY,4.0,91.0,335.0,4.0,10.0,3.0,72.0,519.0
144,CANYON ELEMENTARY,2.0,7.0,47.0,4.0,0.0,0.0,12.0,72.0
145,CAPAY JOINT UNION ELEMENTARY,0.0,82.0,104.0,1.0,0.0,0.0,5.0,192.0
146,CAPISTRANO UNIFIED,736.0,14113.0,30333.0,4019.0,112.0,73.0,4227.0,53613.0
147,CARDIFF ELEMENTARY,1.0,132.0,513.0,9.0,0.0,0.0,49.0,704.0
148,CARLSBAD UNIFIED,139.0,3079.0,6269.0,783.0,38.0,25.0,834.0,11167.0
149,CARMEL UNIFIED,9.0,463.0,1553.0,109.0,6.0,4.0,365.0,2509.0
150,CARPINTERIA UNIFIED,9.0,1659.0,516.0,43.0,10.0,1.0,31.0,2269.0
151,CARUTHERS UNIFIED,4.0,1202.0,138.0,76.0,6.0,2.0,14.0,1442.0
152,CASCADE UNION ELEMENTARY,20.0,244.0,635.0,72.0,70.0,6.0,33.0,1080.0
153,CASTAIC UNION,52.0,942.0,988.0,167.0,2.0,4.0,79.0,2234.0
154,CASTLE ROCK UNION ELEMENTARY,2.0,9.0,30.0,0.0,3.0,0.0,6.0,50.0
155,CASTRO VALLEY UNIFIED,532.0,2239.0,2689.0,2783.0,23.0,39.0,1027.0,9332.0
156,CAYUCOS ELEMENTARY,0.0,47.0,138.0,5.0,0.0,0.0,21.0,211.0
157,CENTER FOR ADVANCED RESEARCH & TECH (CART) JPA,0.0,0.0,0.0,0.0,0.0,0.0,0.0,0.0
158,CENTER JOINT UNIFIED,489.0,1144.0,2063.0,421.0,39.0,42.0,278.0,4476.0
159,CENTINELA VALLEY UNION HIGH,1236.0,5495.0,230.0,248.0,14.0,67.0,233.0,7523.0
160,CENTRAL CALIF MIGRANT HEAD START JPA,0.0,0.0,0.0,0.0,0.0,0.0,0.0,0.0
161,CENTRAL CALIFORNIA SCHOOL FINANCE AUTHORITY JPA,0.0,0.0,0.0,0.0,0.0,0.0,0.0,0.0
162,CENTRAL ELEMENTARY,467.0,2348.0,1260.0,324.0,4.0,26.0,110.0,4539.0
163,CENTRAL ORANGE COUNTY CTE PARTNERSHIP (CTEP),0.0,0.0,0.0,0.0,0.0,0.0,0.0,0.0
164,CENTRAL SIERRA ROP,0.0,0.0,0.0,0.0,0.0,0.0,0.0,0.0
165,CENTRAL SIERRA ROP JPA,0.0,0.0,0.0,0.0,0.0,0.0,0.0,0.0
166,CENTRAL UNIFIED,1439.0,9166.0,2527.0,2255.0,96.0,44.0,245.0,15772.0
167,CENTRAL UNION ELEMENTARY,128.0,663.0,598.0,81.0,131.0,14.0,162.0,1777.0
168,CENTRAL UNION HIGH,37.0,3871.0,159.0,41.0,5.0,1.0,5.0,4119.0
169,CENTRAL VALLEY PRE-SCHOOL JPA,0.0,0.0,0.0,0.0,0.0,0.0,0.0,0.0
170,CENTRAL VALLEY SUPPORT SERVICES JPA,0.0,0.0,0.0,0.0,0.0,0.0,0.0,0.0
171,CENTRALIA ELEMENTARY,123.0,2361.0,662.0,1082.0,15.0,25.0,149.0,4417.0
172,CERES UNIFIED,243.0,10968.0,2147.0,796.0,74.0,114.0,140.0,14482.0
173,CHAFFEY JOINT UNION HIGH,1919.0,15213.0,4043.0,1940.0,93.0,108.0,578.0,23894.0
174,CHARTER OAK UNIFIED,147.0,3249.0,957.0,357.0,24.0,16.0,146.0,4896.0
175,CHATOM UNION,0.0,403.0,184.0,0.0,0.0,0.0,14.0,601.0
176,CHAWANAKEE UNIFIED,18.0,207.0,668.0,13.0,109.0,1.0,38.0,1054.0
177,CHICAGO PARK ELEMENTARY,0.0,23.0,140.0,4.0,3.0,0.0,12.0,182.0
178,CHICO UNIFIED,359.0,3274.0,8429.0,831.0,221.0,71.0,766.0,13951.0
179,CHINO VALLEY UNIFIED,952.0,16518.0,5197.0,5478.0,24.0,63.0,654.0,28886.0
180,CHOWCHILLA ELEMENTARY,41.0,1428.0,644.0,45.0,8.0,4.0,33.0,2203.0
181,CHOWCHILLA UNION HIGH,21.0,642.0,370.0,22.0,9.0,1.0,8.0,1073.0
182,CHUALAR UNION,0.0,336.0,2.0,0.0,0.0,0.0,0.0,338.0
183,CHULA VISTA ELEMENTARY,1073.0,21148.0,3268.0,3384.0,47.0,120.0,1013.0,30053.0
184,CIENEGA UNION ELEMENTARY,0.0,11.0,12.0,0.0,0.0,0.0,0.0,23.0
185,CINNABAR ELEMENTARY,2.0,175.0,85.0,2.0,0.0,2.0,4.0,270.0
186,CLAREMONT UNIFIED,342.0,2931.0,2418.0,778.0,14.0,20.0,563.0,7066.0
187,CLAY JOINT ELEMENTARY,0.0,67.0,154.0,9.0,0.0,0.0,14.0,244.0
188,CLEAR CREEK ELEMENTARY,0.0,14.0,124.0,0.0,1.0,0.0,6.0,145.0
189,CLOVERDALE UNIFIED,7.0,772.0,542.0,14.0,41.0,4.0,38.0,1418.0
190,CLOVIS UNIFIED,1338.0,15681.0,17321.0,6697.0,284.0,103.0,1322.0,42746.0
191,COACHELLA VALLEY UNIFIED,35.0,18290.0,156.0,21.0,92.0,0.0,125.0,18719.0
192,COALINGA-HURON UNIFIED,46.0,3746.0,455.0,92.0,14.0,1.0,96.0,4450.0
193,COAST UNIFIED,6.0,405.0,207.0,7.0,3.0,3.0,18.0,649.0
194,COASTLINE ROP,0.0,0.0,0.0,0.0,0.0,0.0,0.0,0.0
195,COASTLINE ROP JPA,0.0,0.0,0.0,0.0,0.0,0.0,0.0,0.0
196,COFFEE CREEK ELEMENTARY,0.0,0.0,4.0,0.0,0.0,0.0,3.0,7.0
197,COLD SPRING ELEMENTARY,2.0,14.0,140.0,8.0,0.0,0.0,5.0,169.0
198,COLFAX ELEMENTARY,1.0,29.0,251.0,1.0,1.0,0.0,29.0,312.0
199,COLLEGE AND CAREER ADVANTAGE,0.0,0.0,0.0,0.0,0.0,0.0,0.0,0.0
200,COLLEGE ELEMENTARY,0.0,163.0,190.0,2.0,15.0,1.0,22.0,393.0
201,COLTON JOINT UNIFIED,1261.0,19172.0,1485.0,566.0,53.0,54.0,183.0,22774.0
202,COLTON-REDLANDS-YUCAIPA ROP,0.0,0.0,0.0,0.0,0.0,0.0,0.0,0.0
203,COLTON-REDLANDS-YUCAIPA ROP JPA,0.0,0.0,0.0,0.0,0.0,0.0,0.0,0.0
204,COLUMBIA ELEMENTARY,7.0,153.0,989.0,40.0,31.0,0.0,143.0,1363.0
205,COLUMBIA UNION,10.0,51.0,404.0,10.0,9.0,3.0,44.0,531.0
206,COLUMBINE ELEMENTARY,2.0,175.0,12.0,12.0,0.0,0.0,6.0,207.0
207,COLUSA COUNTY OFFICE OF EDUCATION,0.0,2.0,1.0,0.0,0.0,0.0,1.0,4.0
208,COLUSA UNIFIED,1.0,1014.0,373.0,18.0,57.0,2.0,14.0,1479.0
209,COMMUNITY DAY SCHOOL JOINT POWERS AGENCY,0.0,0.0,0.0,0.0,0.0,0.0,0.0,0.0
210,COMPTON UNIFIED,4357.0,18531.0,113.0,27.0,39.0,126.0,259.0,23452.0
211,COMPTON UNIFIED ROP,0.0,0.0,0.0,0.0,0.0,0.0,0.0,0.0
212,CONEJO VALLEY UNIFIED,273.0,4999.0,10591.0,2076.0,74.0,45.0,860.0,18918.0
213,CONTRA COSTA COUNTY OFFICE OF EDUCATION,459.0,1987.0,1546.0,400.0,21.0,30.0,349.0,4792.0
214,CONTRA COSTA COUNTY ROP,0.0,0.0,0.0,0.0,0.0,0.0,0.0,0.0
215,CONTRA COSTA SELPA,0.0,0.0,0.0,0.0,0.0,0.0,0.0,0.0
216,CORCORAN JOINT UNIFIED,113.0,2991.0,205.0,17.0,4.0,0.0,4.0,3334.0
217,CORNING UNION ELEMENTARY,23.0,1384.0,625.0,33.0,37.0,4.0,7.0,2113.0
218,CORNING UNION HIGH,6.0,516.0,348.0,8.0,11.0,0.0,53.0,942.0
219,CORONA-NORCO UNIFIED,3173.0,28004.0,13794.0,6580.0,187.0,208.0,1059.0,53005.0
220,CORONADO UNIFIED,51.0,631.0,2047.0,139.0,13.0,15.0,168.0,3064.0
221,COTATI-ROHNERT PARK UNIFIED,134.0,2550.0,2813.0,263.0,40.0,20.0,452.0,6272.0
222,COTTONWOOD UNION ELEMENTARY,8.0,155.0,805.0,22.0,41.0,4.0,56.0,1091.0
223,COVINA-VALLEY UNIFIED,324.0,8961.0,1141.0,1014.0,36.0,22.0,412.0,11910.0
224,CUCAMONGA ELEMENTARY,352.0,1750.0,210.0,160.0,11.0,11.0,22.0,2516.0
225,CUDDEBACK UNION ELEMENTARY,0.0,13.0,103.0,0.0,8.0,0.0,9.0,133.0
226,CULVER CITY UNIFIED,976.0,2643.0,1831.0,823.0,19.0,20.0,544.0,6856.0
227,CUPERTINO UNION,115.0,932.0,2852.0,13898.0,22.0,29.0,750.0,18598.0
228,CURTIS CREEK ELEMENTARY,3.0,73.0,349.0,2.0,6.0,0.0,25.0,458.0
229,CUTLER-OROSI JOINT UNIFIED,3.0,3910.0,73.0,131.0,3.0,2.0,4.0,4126.0
230,CUTTEN ELEMENTARY,6.0,105.0,369.0,34.0,47.0,2.0,59.0,622.0
231,CUYAMA JOINT UNIFIED,2.0,182.0,56.0,2.0,1.0,0.0,2.0,245.0
232,CYPRESS ELEMENTARY,116.0,1123.0,940.0,1520.0,3.0,25.0,242.0,3969.0
233,DAVIS JOINT UNIFIED,238.0,1732.0,4551.0,1502.0,35.0,23.0,501.0,8582.0
234,DEATH VALLEY UNIFIED,1.0,4.0,14.0,0.0,0.0,0.0,3.0,22.0
235,DEHESA ELEMENTARY,304.0,2046.0,2971.0,333.0,50.0,16.0,594.0,6314.0
236,DEL MAR UNION ELEMENTARY,33.0,467.0,2230.0,1377.0,6.0,7.0,293.0,4413.0
237,DEL NORTE COUNTY OFFICE OF EDUCATION,5.0,96.0,348.0,12.0,72.0,2.0,44.0,579.0
238,DEL NORTE COUNTY ROP,0.0,0.0,0.0,0.0,0.0,0.0,0.0,0.0
239,DEL NORTE COUNTY UNIFIED,39.0,829.0,1893.0,212.0,527.0,6.0,173.0,3679.0
240,DELANO JOINT UNION HIGH,22.0,3601.0,56.0,491.0,3.0,3.0,18.0,4194.0
241,DELANO UNION ELEMENTARY,25.0,6488.0,100.0,713.0,12.0,3.0,46.0,7387.0
242,DELHI UNIFIED,8.0,2355.0,185.0,82.0,1.0,3.0,10.0,2644.0
243,DELPHIC ELEMENTARY,0.0,10.0,32.0,0.0,3.0,0.0,12.0,57.0
244,DENAIR UNIFIED,7.0,602.0,619.0,6.0,4.0,1.0,70.0,1309.0
245,DESERT CENTER UNIFIED,0.0,10.0,9.0,0.0,0.0,0.0,0.0,19.0
246,DESERT SANDS UNIFIED,502.0,21139.0,5645.0,836.0,88.0,32.0,716.0,28958.0
247,DI GIORGIO ELEMENTARY,0.0,219.0,10.0,0.0,0.0,0.0,0.0,229.0
248,DINUBA UNIFIED,28.0,6066.0,317.0,134.0,37.0,3.0,1.0,6586.0
249,DIXIE ELEMENTARY,36.0,290.0,1307.0,207.0,3.0,5.0,134.0,1982.0
250,DIXON UNIFIED,58.0,2105.0,1225.0,73.0,16.0,10.0,176.0,3663.0
251,DOS PALOS ORO LOMA JOINT UNIFIED,61.0,1833.0,351.0,12.0,51.0,5.0,12.0,2325.0
252,DOUGLAS CITY ELEMENTARY,0.0,20.0,140.0,4.0,2.0,0.0,22.0,188.0
253,DOWNEY UNIFIED,609.0,19801.0,1066.0,602.0,39.0,47.0,120.0,22284.0
254,DRY CREEK JOINT ELEMENTARY,291.0,1303.0,3758.0,681.0,48.0,35.0,612.0,6728.0
255,DUARTE UNIFIED,148.0,2622.0,372.0,300.0,23.0,8.0,249.0,3722.0
256,DUBLIN UNIFIED,364.0,1272.0,2552.0,5517.0,26.0,30.0,898.0,10659.0
257,DUCOR UNION ELEMENTARY,0.0,162.0,5.0,0.0,1.0,0.0,0.0,168.0
258,DUNHAM ELEMENTARY,0.0,36.0,136.0,0.0,0.0,0.0,14.0,186.0
259,DUNSMUIR ELEMENTARY,0.0,20.0,54.0,0.0,3.0,0.0,13.0,90.0
260,DUNSMUIR JOINT UNION HIGH,2.0,15.0,39.0,0.0,3.0,0.0,6.0,65.0
261,DURHAM UNIFIED,5.0,199.0,725.0,3.0,11.0,0.0,42.0,985.0
262,EARLIMART ELEMENTARY,5.0,1861.0,13.0,38.0,0.0,0.0,22.0,1939.0
263,EAST MERCED COUNTY PUBLIC FACILITIES FINANCING AUTHORITY,0.0,0.0,0.0,0.0,0.0,0.0,0.0,0.0
264,EAST NICOLAUS JOINT UNION HIGH,3.0,75.0,210.0,10.0,4.0,3.0,10.0,315.0
265,EAST SAN GABRIEL VALLEY ROP,0.0,0.0,0.0,0.0,0.0,0.0,0.0,0.0
266,EAST SAN GABRIEL VALLEY ROP,0.0,0.0,0.0,0.0,0.0,0.0,0.0,0.0
267,EAST SIDE UNION HIGH,635.0,13867.0,1412.0,10262.0,68.0,126.0,485.0,26855.0
268,EAST VALLEY SCHOOL TRANSPORTATION JPA,0.0,0.0,0.0,0.0,0.0,0.0,0.0,0.0
269,EAST WHITTIER CITY ELEMENTARY,69.0,7431.0,984.0,221.0,11.0,20.0,93.0,8829.0
270,EASTERN SIERRA UNIFIED,2.0,156.0,197.0,8.0,35.0,2.0,2.0,402.0
271,EASTSIDE UNION ELEMENTARY,768.0,2166.0,285.0,60.0,9.0,5.0,104.0,3397.0
272,EDEN AREA ROP,0.0,0.0,0.0,0.0,0.0,0.0,0.0,0.0
273,EDEN AREA ROP JPA,0.0,0.0,0.0,0.0,0.0,0.0,0.0,0.0
274,EDISON ELEMENTARY,20.0,872.0,125.0,5.0,11.0,0.0,26.0,1059.0
275,EL CENTRO ELEMENTARY,74.0,5696.0,182.0,28.0,3.0,1.0,65.0,6049.0
276,EL DORADO COUNTY OFFICE OF EDUCATION,45.0,209.0,640.0,8.0,25.0,2.0,56.0,985.0
277,EL DORADO UNION HIGH,72.0,965.0,4794.0,368.0,61.0,17.0,372.0,6649.0
278,EL MONTE CITY,22.0,6776.0,124.0,1526.0,0.0,5.0,0.0,8453.0
279,EL MONTE UNION HIGH,28.0,6870.0,120.0,1891.0,6.0,6.0,21.0,8942.0
280,EL NIDO ELEMENTARY,0.0,138.0,22.0,2.0,2.0,0.0,0.0,164.0
281,EL RANCHO UNIFIED,23.0,8534.0,84.0,71.0,4.0,2.0,12.0,8730.0
282,EL SEGUNDO UNIFIED,155.0,685.0,1859.0,279.0,11.0,16.0,464.0,3469.0
283,EL TEJON UNIFIED,8.0,303.0,396.0,11.0,18.0,4.0,45.0,785.0
284,ELK GROVE UNIFIED,7857.0,16487.0,12917.0,18218.0,397.0,1033.0,5643.0,62552.0
285,ELK HILLS ELEMENTARY,4.0,20.0,156.0,0.0,1.0,0.0,4.0,185.0
286,ELKINS ELEMENTARY,0.0,3.0,11.0,0.0,1.0,0.0,0.0,15.0
287,ELVERTA JOINT ELEMENTARY,31.0,87.0,124.0,13.0,6.0,1.0,26.0,288.0
288,EMERY UNIFIED,357.0,138.0,76.0,82.0,9.0,8.0,17.0,687.0
289,EMPIRE UNION ELEMENTARY,143.0,1831.0,734.0,124.0,14.0,25.0,154.0,3025.0
290,ENCINITAS UNION ELEMENTARY,50.0,1161.0,3598.0,250.0,22.0,9.0,223.0,5313.0
291,ENTERPRISE ELEMENTARY,74.0,640.0,2228.0,271.0,92.0,7.0,474.0,3786.0
292,ESCALON UNIFIED,9.0,1375.0,1377.0,62.0,8.0,2.0,62.0,2895.0
293,ESCONDIDO UNION,276.0,13482.0,3636.0,760.0,39.0,21.0,751.0,18965.0
294,ESCONDIDO UNION HIGH,212.0,5983.0,2574.0,481.0,25.0,27.0,203.0,9505.0
295,ESPARTO UNIFIED,11.0,724.0,199.0,12.0,6.0,2.0,13.0,967.0
296,ETIWANDA ELEMENTARY,1420.0,6237.0,3308.0,2233.0,28.0,38.0,728.0,13992.0
297,EUREKA CITY SCHOOLS,96.0,817.0,1805.0,422.0,212.0,57.0,358.0,3767.0
298,EUREKA UNION,76.0,362.0,2263.0,350.0,23.0,4.0,305.0,3383.0
299,EVERGREEN ELEMENTARY,166.0,2978.0,750.0,7238.0,35.0,56.0,571.0,11794.0
300,EVERGREEN UNION,5.0,179.0,911.0,16.0,36.0,3.0,42.0,1192.0
301,EXETER UNIFIED,25.0,1686.0,1045.0,25.0,22.0,3.0,45.0,2851.0
302,FAIRFAX ELEMENTARY,81.0,2370.0,128.0,61.0,6.0,1.0,52.0,2699.0
303,FAIRFIELD-SUISUN UNIFIED,3446.0,9042.0,4009.0,3066.0,115.0,246.0,1683.0,21607.0
304,FALL RIVER JOINT UNIFIED,1.0,293.0,737.0,5.0,115.0,2.0,79.0,1232.0
305,FALLBROOK UNION ELEMENTARY,169.0,3053.0,1546.0,64.0,6.0,7.0,161.0,5006.0
306,FALLBROOK UNION HIGH,43.0,1442.0,643.0,32.0,25.0,8.0,45.0,2238.0
307,FARMERSVILLE UNIFIED,6.0,2423.0,113.0,11.0,6.0,1.0,1.0,2561.0
308,FEATHER FALLS UNION ELEMENTARY,4.0,14.0,20.0,0.0,23.0,0.0,17.0,78.0
309,FERNDALE UNIFIED,3.0,116.0,365.0,3.0,21.0,2.0,3.0,513.0
310,FIELDBROOK ELEMENTARY,2.0,6.0,112.0,2.0,9.0,0.0,15.0,146.0
311,FILLMORE UNIFIED,6.0,3429.0,267.0,15.0,13.0,1.0,22.0,3753.0
312,FIREBAUGH-LAS DELTAS UNIFIED,3.0,2185.0,95.0,4.0,0.0,1.0,2.0,2290.0
313,FLOURNOY UNION ELEMENTARY,0.0,3.0,18.0,0.0,0.0,0.0,0.0,21.0
314,FOLSOM-CORDOVA UNIFIED,1143.0,4084.0,10212.0,3311.0,84.0,149.0,1284.0,20267.0
315,FONTANA UNIFIED,2078.0,33078.0,1572.0,792.0,39.0,93.0,362.0,38014.0
316,FORESTHILL UNION ELEMENTARY,6.0,41.0,322.0,5.0,8.0,2.0,14.0,398.0
317,FORESTVILLE UNION ELEMENTARY,1.0,98.0,211.0,2.0,4.0,1.0,23.0,340.0
318,FORKS OF SALMON ELEMENTARY,0.0,1.0,8.0,0.0,0.0,0.0,1.0,10.0
319,FORT BRAGG UNIFIED,15.0,777.0,921.0,18.0,21.0,1.0,127.0,1880.0
320,FORT ROSS ELEMENTARY,0.0,12.0,12.0,0.0,0.0,0.0,0.0,24.0
321,FORT SAGE UNIFIED,6.0,31.0,175.0,0.0,9.0,4.0,15.0,240.0
322,FORTUNA ELEMENTARY,8.0,474.0,745.0,13.0,39.0,0.0,98.0,1377.0
323,FORTUNA UNION HIGH,4.0,272.0,664.0,21.0,47.0,1.0,96.0,1105.0
324,FORTY-NINER ROP,0.0,0.0,0.0,0.0,0.0,0.0,0.0,0.0
325,FOUNTAIN VALLEY ELEMENTARY,45.0,1101.0,2441.0,2394.0,18.0,37.0,351.0,6387.0
326,FOWLER UNIFIED,25.0,2033.0,240.0,237.0,5.0,0.0,17.0,2557.0
327,FRANKLIN ELEMENTARY,3.0,104.0,277.0,45.0,2.0,0.0,47.0,478.0
328,FRANKLIN-MCKINLEY ELEMENTARY,158.0,6464.0,179.0,3702.0,9.0,37.0,186.0,10735.0
329,FREMONT UNIFIED,780.0,5200.0,4280.0,23551.0,91.0,204.0,1057.0,35163.0
330,FREMONT UNION HIGH,96.0,1623.0,1942.0,6543.0,9.0,30.0,565.0,10808.0
331,FRENCH GULCH-WHISKEYTOWN ELEMENTARY,0.0,5.0,18.0,0.0,0.0,0.0,8.0,31.0
332,FRESHWATER ELEMENTARY,2.0,41.0,250.0,6.0,9.0,0.0,34.0,342.0
333,FRESNO COUNTY OFFICE OF EDUCATION,334.0,1785.0,329.0,84.0,29.0,2.0,121.0,2684.0
334,FRESNO ROP,0.0,0.0,0.0,0.0,0.0,0.0,0.0,0.0
335,FRESNO UNIFIED,6224.0,49722.0,7298.0,8095.0,435.0,261.0,1321.0,73356.0
336,FRUITVALE ELEMENTARY,98.0,1220.0,1563.0,144.0,30.0,5.0,151.0,3211.0
337,FULLERTON ELEMENTARY,184.0,6775.0,2594.0,3104.0,59.0,21.0,626.0,13363.0
338,FULLERTON JOINT UNION HIGH,309.0,7712.0,2362.0,3047.0,29.0,60.0,342.0,13861.0
339,GALT JOINT UNION ELEMENTARY,47.0,2129.0,1217.0,121.0,11.0,24.0,67.0,3616.0
340,GALT JOINT UNION HIGH,34.0,1243.0,758.0,28.0,7.0,7.0,114.0,2191.0
341,GARDEN GROVE UNIFIED,257.0,23720.0,3544.0,15638.0,36.0,254.0,774.0,44223.0
342,GARFIELD ELEMENTARY,3.0,3.0,57.0,0.0,3.0,0.0,3.0,69.0
343,GARVEY ELEMENTARY,20.0,1861.0,73.0,2795.0,5.0,1.0,50.0,4805.0
344,GATEWAY UNIFIED,46.0,422.0,1935.0,76.0,176.0,14.0,132.0,2801.0
345,GAZELLE UNION ELEMENTARY,3.0,6.0,16.0,0.0,4.0,0.0,1.0,30.0
346,GENERAL SHAFTER ELEMENTARY,0.0,130.0,14.0,2.0,0.0,0.0,0.0,146.0
347,GERBER UNION ELEMENTARY,1.0,294.0,107.0,2.0,12.0,0.0,10.0,426.0
348,GEYSERVILLE UNIFIED,2.0,157.0,86.0,2.0,0.0,0.0,3.0,250.0
349,GILROY UNIFIED,153.0,8388.0,2112.0,724.0,68.0,26.0,488.0,11959.0
350,GLENDALE UNIFIED,305.0,5756.0,14650.0,4588.0,43.0,25.0,652.0,26019.0
351,GLENDORA UNIFIED,92.0,3224.0,3116.0,750.0,14.0,11.0,331.0,7538.0
352,GLENN COUNTY OFFICE OF EDUCATION,29.0,224.0,178.0,4.0,11.0,2.0,15.0,463.0
353,GLENN COUNTY ROP,0.0,0.0,0.0,0.0,0.0,0.0,0.0,0.0
354,GOLD OAK UNION ELEMENTARY,7.0,48.0,405.0,1.0,8.0,1.0,6.0,476.0
355,GOLD TRAIL UNION ELEMENTARY,6.0,77.0,564.0,3.0,11.0,4.0,20.0,685.0
356,GOLDEN FEATHER UNION ELEMENTARY,0.0,32.0,142.0,3.0,6.0,0.0,15.0,198.0
357,GOLDEN PLAINS UNIFIED,13.0,1664.0,24.0,6.0,1.0,0.0,1.0,1709.0
358,GOLDEN VALLEY UNIFIED,22.0,761.0,977.0,50.0,18.0,0.0,42.0,1870.0
359,GOLETA UNION ELEMENTARY,29.0,1791.0,1273.0,264.0,4.0,1.0,209.0,3571.0
360,GONZALES UNIFIED,3.0,2348.0,43.0,11.0,9.0,5.0,5.0,2424.0
361,GORMAN JOINT,99.0,796.0,1248.0,108.0,9.0,7.0,224.0,2491.0
362,GRANT ELEMENTARY,3.0,71.0,486.0,16.0,11.0,1.0,49.0,637.0
363,GRASS VALLEY ELEMENTARY,24.0,303.0,1293.0,35.0,59.0,4.0,18.0,1736.0
364,GRATTON ELEMENTARY,2.0,18.0,106.0,5.0,2.0,0.0,2.0,135.0
365,GRAVENSTEIN UNION ELEMENTARY,2.0,137.0,477.0,34.0,4.0,2.0,71.0,727.0
366,GRAVES ELEMENTARY,0.0,33.0,8.0,3.0,0.0,1.0,1.0,46.0
367,GREATER ANAHEIM SELPA JPA,0.0,0.0,0.0,0.0,0.0,0.0,0.0,0.0
368,GREEN POINT ELEMENTARY,0.0,0.0,10.0,0.0,0.0,0.0,1.0,11.0
369,GREENFIELD UNION,659.0,7722.0,622.0,208.0,30.0,5.0,115.0,9361.0
370,GREENFIELD UNION ELEMENTARY,6.0,3448.0,45.0,13.0,3.0,4.0,3.0,3522.0
371,GRENADA ELEMENTARY,2.0,15.0,164.0,0.0,5.0,0.0,15.0,201.0
372,GRIDLEY UNIFIED,7.0,1161.0,708.0,52.0,7.0,5.0,81.0,2021.0
373,GROSSMONT UNION HIGH,1477.0,8403.0,9249.0,816.0,136.0,111.0,1517.0,21709.0
374,GUADALUPE UNION ELEMENTARY,6.0,1238.0,23.0,7.0,3.0,0.0,3.0,1280.0
375,GUERNEVILLE ELEMENTARY,8.0,88.0,165.0,4.0,16.0,1.0,4.0,286.0
376,GUSTINE UNIFIED,13.0,1512.0,290.0,25.0,10.0,4.0,36.0,1890.0
377,HACIENDA LA PUENTE UNIFIED,177.0,14982.0,617.0,2829.0,18.0,48.0,159.0,18830.0
378,HAMILTON UNIFIED,2.0,593.0,48.0,8.0,3.0,0.0,43.0,697.0
379,HANFORD ELEMENTARY,272.0,4428.0,949.0,104.0,25.0,7.0,169.0,5954.0
380,HANFORD JOINT UNION HIGH,194.0,2435.0,996.0,114.0,17.0,2.0,41.0,3799.0
381,HAPPY CAMP UNION ELEMENTARY,0.0,9.0,36.0,0.0,49.0,0.0,17.0,111.0
382,HAPPY VALLEY ELEMENTARY,1.0,6.0,87.0,8.0,2.0,0.0,21.0,125.0
383,HAPPY VALLEY UNION ELEMENTARY,3.0,85.0,330.0,27.0,33.0,3.0,19.0,500.0
384,HARMONY UNION ELEMENTARY,14.0,152.0,416.0,22.0,6.0,3.0,67.0,680.0
385,HART ROP,0.0,0.0,0.0,0.0,0.0,0.0,0.0,0.0
386,HART-RANSOM UNION ELEMENTARY,24.0,499.0,566.0,53.0,5.0,7.0,35.0,1189.0
387,HAWTHORNE,1743.0,6117.0,194.0,331.0,26.0,102.0,60.0,8573.0
388,HAYWARD UNIFIED,2086.0,14644.0,1252.0,3380.0,71.0,740.0,749.0,22922.0
389,HEALDSBURG UNIFIED,10.0,990.0,571.0,19.0,7.0,5.0,9.0,1611.0
390,HEBER ELEMENTARY,0.0,1234.0,9.0,0.0,0.0,0.0,2.0,1245.0
391,HELENDALE ELEMENTARY,169.0,1226.0,1038.0,59.0,13.0,15.0,146.0,2666.0
392,HEMET UNIFIED,1873.0,12346.0,5940.0,434.0,195.0,69.0,853.0,21710.0
393,HERMOSA BEACH CITY ELEMENTARY,8.0,150.0,1011.0,66.0,5.0,10.0,128.0,1378.0
394,HESPERIA UNIFIED,1085.0,15244.0,3424.0,242.0,79.0,52.0,3718.0,23844.0
395,HICKMAN COMMUNITY CHARTER,15.0,268.0,712.0,32.0,4.0,9.0,31.0,1071.0
396,HILLSBOROUGH CITY ELEMENTARY,4.0,52.0,864.0,412.0,5.0,3.0,143.0,1483.0
397,HILMAR UNIFIED,10.0,1030.0,1300.0,19.0,15.0,2.0,27.0,2403.0
398,HOLLISTER,21.0,4604.0,905.0,118.0,15.0,8.0,78.0,5749.0
399,HOLTVILLE UNIFIED,5.0,1405.0,167.0,4.0,0.0,0.0,17.0,1598.0
400,HOPE ELEMENTARY,17.0,343.0,562.0,39.0,1.0,3.0,45.0,1010.0
401,HOPE ELEMENTARY,0.0,143.0,107.0,2.0,0.0,0.0,3.0,255.0
402,HORICON ELEMENTARY,0.0,35.0,16.0,0.0,5.0,0.0,3.0,59.0
403,HORNBROOK ELEMENTARY,0.0,4.0,35.0,0.0,2.0,0.0,17.0,58.0
404,HOT SPRINGS ELEMENTARY,0.0,4.0,11.0,0.0,0.0,0.0,3.0,18.0
405,HOWELL MOUNTAIN ELEMENTARY,3.0,45.0,32.0,4.0,1.0,0.0,1.0,86.0
406,HUENEME ELEMENTARY,78.0,6987.0,730.0,332.0,37.0,21.0,194.0,8379.0
407,HUGHES-ELIZABETH LAKES UNION ELEMENTARY,2.0,57.0,132.0,1.0,1.0,0.0,9.0,202.0
408,HUGHSON UNIFIED,2.0,1174.0,861.0,18.0,7.0,1.0,25.0,2088.0
409,HUMBOLDT COUNTY OFFICE OF EDUCATION,4.0,52.0,313.0,11.0,14.0,3.0,39.0,436.0
410,HUMBOLDT COUNTY ROP,0.0,0.0,0.0,0.0,0.0,0.0,0.0,0.0
411,HUNTINGTON BEACH CITY ELEMENTARY,31.0,1395.0,4231.0,755.0,18.0,25.0,700.0,7155.0
412,HUNTINGTON BEACH UNION HIGH,168.0,4430.0,6207.0,4454.0,227.0,103.0,551.0,16140.0
413,HYDESVILLE ELEMENTARY,0.0,16.0,160.0,1.0,0.0,0.0,19.0,196.0
414,IGO ONO PLATINA UNION ELEMENTARY,4.0,6.0,23.0,3.0,1.0,2.0,0.0,39.0
415,IMPERIAL COUNTY OFFICE OF EDUCATION,5.0,579.0,25.0,3.0,2.0,0.0,5.0,619.0
416,IMPERIAL UNIFIED,46.0,3438.0,540.0,60.0,8.0,1.0,29.0,4122.0
417,IMPERIAL VALLEY ROP,0.0,0.0,0.0,0.0,0.0,0.0,0.0,0.0
418,IMPERIAL VALLEY ROP JPA,0.0,0.0,0.0,0.0,0.0,0.0,0.0,0.0
419,INDIAN DIGGINGS ELEMENTARY,0.0,3.0,12.0,0.0,0.0,0.0,2.0,17.0
420,INDIAN SPRINGS ELEMENTARY,0.0,2.0,9.0,0.0,0.0,0.0,0.0,11.0
421,INGLEWOOD UNIFIED,4902.0,7285.0,71.0,66.0,90.0,48.0,108.0,12570.0
422,INYO COUNTY CAREER TECHNICAL EDUCATION,0.0,0.0,0.0,0.0,0.0,0.0,0.0,0.0
423,INYO COUNTY OFFICE OF EDUCATION,311.0,1534.0,48.0,9.0,8.0,4.0,32.0,1946.0
424,IRVINE UNIFIED,672.0,3584.0,9897.0,16502.0,66.0,75.0,2577.0,33373.0
425,ISLAND UNION ELEMENTARY,2.0,151.0,215.0,0.0,0.0,0.0,19.0,387.0
426,JACOBY CREEK ELEMENTARY,4.0,53.0,331.0,15.0,7.0,0.0,45.0,455.0
427,JAMESTOWN ELEMENTARY,7.0,126.0,260.0,7.0,11.0,2.0,28.0,441.0
428,JAMUL-DULZURA UNION ELEMENTARY,13.0,409.0,358.0,16.0,5.0,0.0,42.0,843.0
429,JANESVILLE UNION ELEMENTARY,1.0,38.0,280.0,3.0,7.0,0.0,14.0,343.0
430,JEFFERSON ELEMENTARY,0.0,6.0,6.0,0.0,0.0,0.0,0.0,12.0
431,JEFFERSON ELEMENTARY,152.0,2474.0,729.0,3214.0,15.0,83.0,372.0,7039.0
432,JEFFERSON ELEMENTARY,108.0,873.0,771.0,409.0,7.0,23.0,126.0,2317.0
433,JEFFERSON UNION HIGH,99.0,1367.0,750.0,2178.0,11.0,53.0,404.0,4862.0
434,JOHN SWETT UNIFIED,337.0,530.0,299.0,339.0,15.0,7.0,187.0,1714.0
435,JOHNSTONVILLE ELEMENTARY,0.0,31.0,159.0,1.0,2.0,0.0,13.0,206.0
436,JULIAN UNION ELEMENTARY,125.0,1408.0,2182.0,141.0,83.0,12.0,409.0,4360.0
437,JULIAN UNION HIGH,0.0,43.0,84.0,1.0,11.0,0.0,11.0,150.0
438,JUNCTION CITY ELEMENTARY,0.0,6.0,48.0,0.0,8.0,2.0,6.0,70.0
439,JUNCTION ELEMENTARY,0.0,4.0,3.0,0.0,16.0,0.0,1.0,24.0
440,JUNCTION ELEMENTARY,1.0,32.0,227.0,2.0,9.0,0.0,8.0,279.0
441,JURUPA UNIFIED,362.0,16447.0,1761.0,266.0,32.0,46.0,280.0,19194.0
442,KASHIA ELEMENTARY,0.0,0.0,0.0,0.0,9.0,1.0,3.0,13.0
443,KELSEYVILLE UNIFIED,21.0,738.0,812.0,15.0,47.0,4.0,87.0,1724.0
444,KENTFIELD ELEMENTARY,12.0,140.0,853.0,62.0,2.0,1.0,187.0,1257.0
445,KENWOOD,1.0,16.0,115.0,2.0,0.0,0.0,15.0,149.0
446,KEPPEL UNION ELEMENTARY,135.0,2056.0,379.0,6.0,6.0,2.0,44.0,2628.0
447,KERMAN UNIFIED,35.0,4325.0,477.0,258.0,23.0,0.0,16.0,5134.0
448,KERN COUNTY OFFICE OF EDUCATION,257.0,2855.0,1092.0,81.0,25.0,6.0,73.0,4389.0
449,KERN COUNTY ROP,0.0,0.0,0.0,0.0,0.0,0.0,0.0,0.0
450,KERN HIGH,2279.0,25271.0,8464.0,1515.0,248.0,69.0,859.0,38705.0
451,KERN HIGH ROC,0.0,0.0,0.0,0.0,0.0,0.0,0.0,0.0
452,KERNVILLE UNION ELEMENTARY,10.0,145.0,677.0,9.0,32.0,0.0,8.0,881.0
453,KEYES UNION,1.0,691.0,389.0,28.0,2.0,3.0,26.0,1140.0
454,KING CITY UNION,4.0,2493.0,125.0,35.0,7.0,0.0,17.0,2681.0
455,KINGS CANYON JOINT UNIFIED,16.0,8597.0,902.0,150.0,33.0,5.0,141.0,9844.0
456,KINGS COUNTY OFFICE OF EDUCATION,28.0,231.0,78.0,10.0,9.0,2.0,6.0,364.0
457,KINGS COUNTY ROP,0.0,0.0,0.0,0.0,0.0,0.0,0.0,0.0
458,KINGS RIVER UNION ELEMENTARY,1.0,416.0,33.0,3.0,0.0,0.0,2.0,455.0
459,KINGS RIVER-HARDWICK UNION ELEMENTARY,2.0,316.0,478.0,6.0,1.0,0.0,24.0,827.0
460,KINGS SCHOOLS TRANSPORTATION AUTHORITY JPA,0.0,0.0,0.0,0.0,0.0,0.0,0.0,0.0
461,KINGSBURG ELEMENTARY CHARTER,7.0,1368.0,724.0,59.0,4.0,1.0,68.0,2231.0
462,KINGSBURG JOINT UNION HIGH,7.0,703.0,383.0,37.0,6.0,0.0,24.0,1160.0
463,KIRKWOOD ELEMENTARY,0.0,30.0,68.0,1.0,1.0,0.0,4.0,104.0
464,KIT CARSON UNION ELEMENTARY,19.0,571.0,220.0,2.0,5.0,4.0,16.0,837.0
465,KLAMATH RIVER UNION ELEMENTARY,2.0,2.0,10.0,0.0,3.0,0.0,6.0,23.0
466,KLAMATH-TRINITY JOINT UNIFIED,5.0,48.0,94.0,2.0,819.0,3.0,28.0,999.0
467,KNEELAND ELEMENTARY,0.0,0.0,21.0,3.0,4.0,0.0,1.0,29.0
468,KNIGHTS FERRY ELEMENTARY,0.0,0.0,0.0,0.0,0.0,0.0,0.0,0.0
469,KNIGHTSEN ELEMENTARY,3.0,229.0,299.0,17.0,1.0,4.0,32.0,585.0
470,KONOCTI UNIFIED,105.0,1401.0,1494.0,16.0,102.0,6.0,241.0,3365.0
471,LA CANADA UNIFIED,32.0,467.0,2048.0,1234.0,10.0,0.0,341.0,4132.0
472,LA HABRA CITY ELEMENTARY,44.0,4150.0,342.0,124.0,3.0,3.0,60.0,4726.0
473,LA HONDA-PESCADERO UNIFIED,1.0,207.0,103.0,1.0,0.0,0.0,6.0,318.0
474,LA MESA-SPRING VALLEY,1153.0,6010.0,3414.0,637.0,32.0,90.0,953.0,12289.0
475,LA PUENTE VALLEY ROP,0.0,0.0,0.0,0.0,0.0,0.0,0.0,0.0
476,LA PUENTE VALLEY ROP,0.0,0.0,0.0,0.0,0.0,0.0,0.0,0.0
477,LAFAYETTE ELEMENTARY,30.0,293.0,2578.0,376.0,4.0,2.0,332.0,3615.0
478,LAGUNA BEACH UNIFIED,34.0,316.0,2317.0,160.0,12.0,8.0,178.0,3025.0
479,LAGUNA JOINT ELEMENTARY,0.0,8.0,1.0,0.0,0.0,0.0,8.0,17.0
480,LAGUNITA ELEMENTARY,0.0,42.0,45.0,0.0,1.0,0.0,11.0,99.0
481,LAGUNITAS ELEMENTARY,4.0,30.0,204.0,4.0,0.0,4.0,16.0,262.0
482,LAKE COUNTY OFFICE OF EDUCATION,0.0,7.0,14.0,0.0,5.0,0.0,8.0,34.0
483,LAKE COUNTY ROP,0.0,0.0,0.0,0.0,0.0,0.0,0.0,0.0
484,LAKE ELEMENTARY,1.0,48.0,118.0,0.0,1.0,0.0,1.0,169.0
485,LAKE ELSINORE UNIFIED,812.0,12997.0,6260.0,710.0,55.0,46.0,1159.0,22039.0
486,LAKE TAHOE UNIFIED,31.0,1675.0,1905.0,189.0,16.0,8.0,127.0,3951.0
487,LAKEPORT UNIFIED,16.0,478.0,782.0,34.0,145.0,1.0,78.0,1534.0
488,LAKESIDE JOINT,0.0,13.0,48.0,6.0,0.0,0.0,19.0,86.0
489,LAKESIDE UNION,83.0,798.0,333.0,96.0,9.0,8.0,47.0,1374.0
490,LAKESIDE UNION ELEMENTARY,17.0,278.0,14.0,13.0,0.0,0.0,12.0,334.0
491,LAKESIDE UNION ELEMENTARY,196.0,1932.0,3569.0,182.0,110.0,29.0,295.0,6313.0
492,LAMMERSVILLE JOINT UNIFIED,300.0,860.0,1067.0,1901.0,25.0,26.0,343.0,4522.0
493,LAMONT ELEMENTARY,4.0,3012.0,43.0,8.0,0.0,1.0,7.0,3075.0
494,LANCASTER ELEMENTARY,4447.0,7855.0,1943.0,336.0,56.0,27.0,549.0,15213.0
495,LARKSPUR-CORTE MADERA,7.0,180.0,1078.0,69.0,2.0,5.0,182.0,1523.0
496,LAS LOMITAS ELEMENTARY,17.0,138.0,654.0,192.0,2.0,6.0,377.0,1386.0
497,LAS VIRGENES UNIFIED,288.0,1253.0,8569.0,860.0,77.0,18.0,482.0,11547.0
498,LASSEN COUNTY OFFICE OF EDUCATION,1.0,1.0,9.0,0.0,0.0,0.0,2.0,13.0
499,LASSEN ROP,0.0,0.0,0.0,0.0,0.0,0.0,0.0,0.0
500,LASSEN UNION HIGH,19.0,123.0,562.0,22.0,60.0,18.0,2.0,806.0
501,LASSEN VIEW UNION ELEMENTARY,2.0,70.0,214.0,0.0,8.0,0.0,4.0,298.0
502,LATON JOINT UNIFIED,9.0,572.0,86.0,1.0,0.0,0.0,32.0,700.0
503,LATROBE,0.0,16.0,111.0,4.0,2.0,0.0,10.0,143.0
504,LAWNDALE ELEMENTARY,596.0,4599.0,271.0,313.0,6.0,44.0,199.0,6028.0
505,LAYTONVILLE UNIFIED,1.0,53.0,242.0,5.0,48.0,0.0,44.0,393.0
506,LE GRAND UNION ELEMENTARY,3.0,360.0,32.0,2.0,0.0,0.0,4.0,401.0
507,LE GRAND UNION HIGH,4.0,432.0,31.0,3.0,6.0,0.0,27.0,503.0
508,LEGGETT VALLEY UNIFIED,1.0,10.0,98.0,0.0,4.0,3.0,3.0,119.0
509,LEMON GROVE,602.0,2302.0,377.0,210.0,26.0,32.0,248.0,3797.0
510,LEMOORE UNION ELEMENTARY,144.0,2130.0,656.0,144.0,24.0,12.0,139.0,3249.0
511,LEMOORE UNION HIGH,130.0,1207.0,571.0,146.0,73.0,19.0,35.0,2181.0
512,LENNOX,296.0,6376.0,30.0,29.0,4.0,28.0,454.0,7217.0
513,LEWISTON ELEMENTARY,0.0,7.0,52.0,1.0,1.0,0.0,1.0,62.0
514,LIBERTY ELEMENTARY,85.0,171.0,639.0,43.0,10.0,7.0,168.0,1123.0
515,LIBERTY ELEMENTARY,15.0,332.0,199.0,4.0,3.0,0.0,20.0,573.0
516,LIBERTY UNION HIGH,750.0,2781.0,3491.0,770.0,36.0,56.0,315.0,8199.0
517,LINCOLN ELEMENTARY,0.0,1.0,9.0,0.0,0.0,0.0,2.0,12.0
518,LINCOLN UNIFIED,1166.0,4427.0,2143.0,1252.0,48.0,108.0,294.0,9438.0
519,LINDEN UNIFIED,15.0,1302.0,774.0,65.0,27.0,4.0,27.0,2214.0
520,LINDSAY UNIFIED,9.0,3908.0,158.0,87.0,7.0,0.0,22.0,4191.0
521,LINNS VALLEY-POSO FLAT UNION,0.0,3.0,18.0,0.0,0.0,0.0,1.0,22.0
522,LITTLE LAKE CITY ELEMENTARY,78.0,4031.0,197.0,90.0,11.0,9.0,38.0,4454.0
523,LITTLE SHASTA ELEMENTARY,0.0,1.0,6.0,0.0,2.0,0.0,2.0,11.0
524,LIVE OAK ELEMENTARY,53.0,1116.0,665.0,92.0,26.0,11.0,106.0,2069.0
525,LIVE OAK UNIFIED,6.0,1079.0,462.0,219.0,18.0,5.0,17.0,1806.0
526,LIVERMORE VALLEY JOINT UNIFIED,222.0,4253.0,6875.0,1413.0,46.0,42.0,1133.0,13984.0
527,LIVINGSTON UNION,10.0,2151.0,84.0,246.0,14.0,10.0,7.0,2522.0
528,LODI UNIFIED,2140.0,13661.0,6829.0,6516.0,145.0,227.0,1279.0,30797.0
529,LOLETA UNION ELEMENTARY,1.0,78.0,134.0,12.0,45.0,3.0,32.0,305.0
530,LOMA PRIETA JOINT UNION ELEMENTARY,2.0,43.0,375.0,25.0,1.0,1.0,60.0,507.0
531,LOMPOC UNIFIED,316.0,6554.0,2430.0,282.0,50.0,29.0,478.0,10139.0
532,LONE PINE UNIFIED,2.0,158.0,70.0,7.0,44.0,0.0,18.0,299.0
533,LONG BEACH UNIFIED,10157.0,43148.0,10090.0,8094.0,152.0,1152.0,3635.0,76428.0
534,LONG BEACH UNIFIED ROP,0.0,0.0,0.0,0.0,0.0,0.0,0.0,0.0
535,LOOMIS UNION ELEMENTARY,34.0,530.0,3272.0,150.0,39.0,4.0,164.0,4193.0
536,LOS ALAMITOS UNIFIED,275.0,2513.0,4777.0,1565.0,21.0,60.0,693.0,9904.0
537,LOS ALTOS ELEMENTARY,23.0,360.0,2142.0,1468.0,8.0,5.0,521.0,4527.0
538,LOS ANGELES COUNTY OFFICE OF EDUCATION,1121.0,4701.0,670.0,260.0,21.0,8.0,154.0,6935.0
539,LOS ANGELES COUNTY ROP,0.0,0.0,0.0,0.0,0.0,0.0,0.0,0.0
540,LOS ANGELES UNIFIED,52837.0,468734.0,63828.0,35432.0,1226.0,1797.0,9767.0,633621.0
541,LOS ANGELES UNIFIED ROCP,0.0,0.0,0.0,0.0,0.0,0.0,0.0,0.0
542,LOS BANOS UNIFIED,191.0,8755.0,1372.0,190.0,51.0,100.0,126.0,10785.0
543,LOS GATOS UNION ELEMENTARY,18.0,247.0,2199.0,615.0,20.0,5.0,159.0,3263.0
544,LOS GATOS-SARATOGA JOINT UNION HIGH,15.0,241.0,1705.0,1035.0,2.0,6.0,342.0,3346.0
545,LOS MOLINOS UNIFIED,0.0,278.0,269.0,9.0,9.0,0.0,28.0,593.0
546,LOS NIETOS,8.0,1567.0,32.0,10.0,2.0,6.0,20.0,1645.0
547,LOS OLIVOS ELEMENTARY,0.0,33.0,104.0,1.0,0.0,0.0,8.0,146.0
548,LOST HILLS UNION ELEMENTARY,2.0,560.0,1.0,2.0,0.0,0.0,2.0,567.0
549,LOWELL JOINT,50.0,2114.0,785.0,119.0,3.0,10.0,72.0,3153.0
550,LUCERNE ELEMENTARY,5.0,73.0,151.0,2.0,10.0,0.0,23.0,264.0
551,LUCERNE VALLEY UNIFIED,92.0,856.0,1239.0,133.0,17.0,6.0,295.0,2638.0
552,LUCIA MAR UNIFIED,76.0,4614.0,5191.0,281.0,50.0,24.0,385.0,10621.0
553,LUTHER BURBANK,11.0,481.0,11.0,6.0,0.0,1.0,10.0,520.0
554,LYNWOOD UNIFIED,735.0,13583.0,111.0,23.0,4.0,32.0,9.0,14497.0
555,MADERA COUNTY SUPERINTENDENT OF SCHOOLS,18.0,742.0,148.0,3.0,8.0,0.0,22.0,941.0
556,MADERA UNIFIED,350.0,18586.0,1330.0,264.0,90.0,11.0,148.0,20779.0
557,MAGNOLIA ELEMENTARY,187.0,4478.0,607.0,818.0,47.0,66.0,74.0,6277.0
558,MAGNOLIA UNION ELEMENTARY,0.0,58.0,72.0,5.0,0.0,0.0,1.0,136.0
559,MAMMOTH UNIFIED,2.0,713.0,455.0,15.0,1.0,2.0,23.0,1211.0
560,MANCHESTER UNION ELEMENTARY,0.0,31.0,16.0,0.0,0.0,0.0,0.0,47.0
561,MANHATTAN BEACH UNIFIED,126.0,807.0,4202.0,714.0,6.0,7.0,914.0,6776.0
562,MANTECA UNIFIED,1628.0,12871.0,4669.0,3154.0,107.0,213.0,758.0,23400.0
563,MANZANITA ELEMENTARY,0.0,109.0,139.0,19.0,2.0,0.0,19.0,288.0
564,MAPLE CREEK ELEMENTARY,1.0,1.0,5.0,0.0,1.0,0.0,4.0,12.0
565,MAPLE ELEMENTARY,0.0,196.0,95.0,1.0,0.0,0.0,0.0,292.0
566,MARCUM-ILLINOIS UNION ELEMENTARY,54.0,385.0,1543.0,68.0,29.0,17.0,319.0,2415.0
567,MARICOPA UNIFIED,277.0,1187.0,2040.0,80.0,44.0,12.0,332.0,3972.0
568,MARIN COUNTY OFFICE OF EDUCATION,10.0,89.0,80.0,17.0,2.0,0.0,15.0,213.0
569,MARIN COUNTY ROP,0.0,0.0,0.0,0.0,0.0,0.0,0.0,0.0
570,MARIN PUPIL TRANSPORTATION AGENCY JPA,0.0,0.0,0.0,0.0,0.0,0.0,0.0,0.0
571,MARIPOSA COUNTY OFFICE OF EDUCATION,0.0,7.0,31.0,0.0,2.0,0.0,2.0,42.0
572,MARIPOSA COUNTY UNIFIED,10.0,332.0,1263.0,27.0,75.0,0.0,132.0,1839.0
573,MARK TWAIN UNION ELEMENTARY,8.0,170.0,580.0,13.0,19.0,0.0,43.0,833.0
574,MARK WEST UNION ELEMENTARY,14.0,423.0,854.0,61.0,25.0,8.0,90.0,1475.0
575,MARTINEZ UNIFIED,105.0,1264.0,1978.0,265.0,8.0,16.0,498.0,4134.0
576,MARYSVILLE JOINT UNIFIED,363.0,4206.0,3752.0,925.0,269.0,41.0,430.0,9986.0
577,MATTOLE UNIFIED,6.0,99.0,526.0,2.0,24.0,1.0,79.0,737.0
578,MAXWELL UNIFIED,0.0,166.0,128.0,3.0,13.0,2.0,14.0,326.0
579,MCCABE UNION ELEMENTARY,4.0,1174.0,159.0,47.0,0.0,1.0,4.0,1389.0
580,MCCLOUD UNION ELEMENTARY,0.0,11.0,43.0,0.0,3.0,0.0,9.0,66.0
581,MCFARLAND UNIFIED,15.0,3496.0,29.0,29.0,1.0,0.0,0.0,3570.0
582,MCKINLEYVILLE UNION ELEMENTARY,10.0,167.0,748.0,14.0,95.0,5.0,112.0,1151.0
583,MCKITTRICK ELEMENTARY,0.0,13.0,61.0,0.0,1.0,0.0,2.0,77.0
584,MCSWAIN UNION ELEMENTARY,4.0,360.0,403.0,53.0,3.0,2.0,34.0,859.0
585,MEADOWS UNION ELEMENTARY,5.0,413.0,65.0,0.0,1.0,2.0,2.0,488.0
586,MENDOCINO COUNTY OFFICE OF EDUCATION,2.0,35.0,21.0,0.0,11.0,1.0,1.0,71.0
587,MENDOCINO COUNTY ROC/ROP,0.0,0.0,0.0,0.0,0.0,0.0,0.0,0.0
588,MENDOCINO UNIFIED,6.0,55.0,416.0,14.0,7.0,5.0,14.0,517.0
589,MENDOTA UNIFIED,2.0,3258.0,48.0,3.0,1.0,0.0,27.0,3339.0
590,MENIFEE UNION ELEMENTARY,720.0,5065.0,4481.0,687.0,55.0,67.0,601.0,11676.0
591,MENLO PARK CITY ELEMENTARY,35.0,460.0,1786.0,321.0,4.0,36.0,357.0,2999.0
592,MERCED CITY ELEMENTARY,563.0,7232.0,1611.0,1104.0,31.0,19.0,342.0,10902.0
593,MERCED COUNTY OFFICE OF EDUCATION,54.0,792.0,206.0,24.0,0.0,6.0,22.0,1104.0
594,MERCED COUNTY ROP,0.0,0.0,0.0,0.0,0.0,0.0,0.0,0.0
595,MERCED RIVER UNION ELEMENTARY,1.0,112.0,51.0,0.0,2.0,0.0,9.0,175.0
596,MERCED UNION HIGH,426.0,6962.0,1724.0,1037.0,56.0,25.0,147.0,10377.0
597,MERIDIAN ELEMENTARY,129.0,197.0,585.0,52.0,6.0,14.0,107.0,1090.0
598,MESA UNION ELEMENTARY,23.0,566.0,527.0,74.0,5.0,4.0,77.0,1276.0
599,METRO EDUCATION,0.0,0.0,0.0,0.0,0.0,0.0,0.0,0.0
600,METROPOLITAN EDUCATION,0.0,0.0,0.0,0.0,0.0,0.0,0.0,0.0
601,MID-PLACER TRANSPORTATION JPA,0.0,0.0,0.0,0.0,0.0,0.0,0.0,0.0
602,MIDDLETOWN UNIFIED,3.0,389.0,1148.0,20.0,21.0,4.0,95.0,1680.0
603,MIDWAY ELEMENTARY,0.0,8.0,73.0,0.0,1.0,0.0,3.0,85.0
604,MILL VALLEY ELEMENTARY,22.0,238.0,2415.0,147.0,7.0,5.0,294.0,3128.0
605,MILLBRAE ELEMENTARY,22.0,464.0,504.0,1223.0,3.0,48.0,168.0,2432.0
606,MILLVILLE ELEMENTARY,0.0,13.0,218.0,2.0,2.0,0.0,16.0,251.0
607,MILPITAS UNIFIED,218.0,2089.0,621.0,6838.0,37.0,84.0,373.0,10260.0
608,MISSION TRAILS ROP,0.0,0.0,0.0,0.0,0.0,0.0,0.0,0.0
609,MISSION TRAILS ROP JPA,0.0,0.0,0.0,0.0,0.0,0.0,0.0,0.0
610,MISSION UNION ELEMENTARY,0.0,93.0,28.0,4.0,0.0,0.0,1.0,126.0
611,MISSION VALLEY ROC/P,0.0,0.0,0.0,0.0,0.0,0.0,0.0,0.0
612,MISSION VALLEY ROC/P,0.0,0.0,0.0,0.0,0.0,0.0,0.0,0.0
613,MODESTO CITY ELEMENTARY,364.0,10546.0,2501.0,673.0,57.0,87.0,1102.0,15330.0
614,MODESTO CITY HIGH,537.0,8547.0,4067.0,948.0,57.0,135.0,1097.0,15388.0
615,MODESTO CITY SCHOOLS,0.0,0.0,0.0,0.0,0.0,0.0,0.0,0.0
616,MODOC COUNTY OFFICE OF EDUCATION,4.0,13.0,14.0,0.0,1.0,0.0,1.0,33.0
617,MODOC COUNTY ROP,0.0,0.0,0.0,0.0,0.0,0.0,0.0,0.0
618,MODOC JOINT UNIFIED,10.0,130.0,595.0,18.0,68.0,0.0,26.0,847.0
619,MOJAVE UNIFIED,855.0,1184.0,525.0,22.0,23.0,5.0,121.0,2735.0
620,MONO COUNTY OFFICE OF EDUCATION,77.0,210.0,72.0,18.0,0.0,1.0,5.0,383.0
621,MONO COUNTY ROC/P,0.0,0.0,0.0,0.0,0.0,0.0,0.0,0.0
622,MONROE ELEMENTARY,0.0,159.0,4.0,7.0,0.0,0.0,0.0,170.0
623,MONROVIA UNIFIED,356.0,3558.0,1140.0,405.0,11.0,13.0,118.0,5601.0
624,MONSON-SULTANA JOINT UNION ELEMENTARY,0.0,401.0,35.0,1.0,0.0,1.0,2.0,440.0
625,MONTAGUE ELEMENTARY,1.0,27.0,75.0,1.0,10.0,4.0,57.0,175.0
626,MONTE RIO UNION ELEMENTARY,1.0,9.0,62.0,2.0,0.0,0.0,16.0,90.0
627,MONTEBELLO UNIFIED,74.0,26222.0,299.0,603.0,54.0,18.0,128.0,27398.0
628,MONTECITO UNION ELEMENTARY,4.0,26.0,356.0,4.0,1.0,0.0,22.0,413.0
629,MONTEREY COUNTY OFFICE OF EDUCATION,37.0,1030.0,575.0,68.0,8.0,6.0,173.0,1897.0
630,MONTEREY PENINSULA UNIFIED,530.0,6194.0,2123.0,927.0,31.0,210.0,717.0,10732.0
631,MONTGOMERY ELEMENTARY,0.0,3.0,23.0,2.0,0.0,0.0,0.0,28.0
632,MOORPARK UNIFIED,85.0,2983.0,2719.0,389.0,8.0,9.0,279.0,6472.0
633,MORAGA ELEMENTARY,16.0,158.0,1145.0,313.0,3.0,2.0,261.0,1898.0
634,MORELAND,116.0,1501.0,1283.0,1517.0,32.0,15.0,316.0,4780.0
635,MORENO VALLEY UNIFIED,4742.0,23647.0,2555.0,1186.0,90.0,260.0,872.0,33352.0
636,MORGAN HILL UNIFIED,166.0,4571.0,2971.0,977.0,45.0,35.0,372.0,9137.0
637,MORONGO UNIFIED,625.0,2627.0,4463.0,233.0,55.0,75.0,388.0,8466.0
638,MOTHER LODE UNION ELEMENTARY,8.0,370.0,633.0,8.0,29.0,1.0,36.0,1085.0
639,MOUNT PLEASANT ELEMENTARY,47.0,1750.0,78.0,371.0,11.0,31.0,83.0,2371.0
640,MOUNTAIN ELEMENTARY,0.0,9.0,101.0,1.0,0.0,0.0,7.0,118.0
641,MOUNTAIN EMPIRE UNIFIED,82.0,1429.0,976.0,43.0,77.0,8.0,166.0,2781.0
642,MOUNTAIN HOUSE ELEMENTARY,0.0,6.0,8.0,0.0,2.0,0.0,0.0,16.0
643,MOUNTAIN UNION ELEMENTARY,1.0,27.0,30.0,0.0,13.0,0.0,5.0,76.0
644,MOUNTAIN VALLEY UNIFIED,0.0,34.0,147.0,35.0,18.0,1.0,38.0,273.0
645,MOUNTAIN VIEW ELEMENTARY,14.0,6628.0,1.0,370.0,3.0,1.0,35.0,7052.0
646,MOUNTAIN VIEW ELEMENTARY,191.0,1866.0,295.0,123.0,2.0,1.0,80.0,2558.0
647,MOUNTAIN VIEW WHISMAN,79.0,2041.0,1546.0,895.0,2.0,28.0,534.0,5125.0
648,MOUNTAIN VIEW-LOS ALTOS UNION HIGH,64.0,1062.0,1702.0,992.0,3.0,20.0,233.0,4076.0
649,MT. BALDY JOINT ELEMENTARY,3.0,37.0,56.0,5.0,1.0,0.0,4.0,106.0
650,MT. DIABLO UNIFIED,1223.0,13298.0,10318.0,3797.0,77.0,227.0,2863.0,31803.0
651,MT. SHASTA UNION ELEMENTARY,16.0,62.0,462.0,13.0,9.0,5.0,13.0,580.0
652,MULBERRY ELEMENTARY,2.0,45.0,36.0,3.0,0.0,0.0,4.0,90.0
653,MUPU ELEMENTARY,4.0,139.0,103.0,4.0,2.0,1.0,15.0,268.0
654,MUROC JOINT UNIFIED,148.0,494.0,924.0,78.0,12.0,8.0,217.0,1881.0
655,MURRIETA VALLEY UNIFIED,1196.0,8227.0,9821.0,1881.0,69.0,170.0,1550.0,22914.0
656,N. CO REGIONAL OCCUPATIONAL PROGRAM JPA,0.0,0.0,0.0,0.0,0.0,0.0,0.0,0.0
657,NAPA COUNTY OFFICE OF EDUCATION,2.0,111.0,19.0,0.0,0.0,2.0,2.0,136.0
658,NAPA COUNTY ROP,0.0,0.0,0.0,0.0,0.0,0.0,0.0,0.0
659,NAPA VALLEY UNIFIED,417.0,9864.0,5410.0,1648.0,49.0,59.0,733.0,18180.0
660,NATIONAL ELEMENTARY,93.0,4941.0,137.0,583.0,6.0,34.0,134.0,5928.0
661,NATOMAS UNIFIED,2552.0,4751.0,2624.0,2983.0,92.0,252.0,1377.0,14631.0
662,NEEDLES UNIFIED,21.0,235.0,475.0,11.0,173.0,2.0,35.0,952.0
663,NEVADA CITY ELEMENTARY,9.0,72.0,701.0,8.0,9.0,2.0,67.0,868.0
664,NEVADA CO CHARTER SERVICES AUTHORITY (JPA),0.0,0.0,0.0,0.0,0.0,0.0,0.0,0.0
665,NEVADA COUNTY OFFICE OF EDUCATION,225.0,1082.0,1679.0,35.0,41.0,8.0,202.0,3272.0
666,NEVADA COUNTY PUPIL TRANSPORTATION,0.0,0.0,0.0,0.0,0.0,0.0,0.0,0.0
667,NEVADA JOINT UNION HIGH,23.0,320.0,2337.0,46.0,41.0,6.0,89.0,2862.0
668,NEW HAVEN UNIFIED,686.0,4490.0,736.0,5065.0,52.0,256.0,608.0,11893.0
669,NEW HOPE ELEMENTARY,8.0,170.0,15.0,3.0,0.0,0.0,3.0,199.0
670,NEW JERUSALEM ELEMENTARY,574.0,1823.0,1373.0,399.0,41.0,29.0,349.0,4588.0
671,NEWARK UNIFIED,236.0,3146.0,795.0,1261.0,10.0,113.0,271.0,5832.0
672,NEWCASTLE ELEMENTARY,24.0,258.0,1488.0,272.0,6.0,0.0,209.0,2257.0
673,NEWHALL,153.0,3223.0,2071.0,838.0,21.0,8.0,392.0,6706.0
674,NEWMAN-CROWS LANDING UNIFIED,55.0,2285.0,546.0,30.0,4.0,13.0,70.0,3003.0
675,NEWPORT-MESA UNIFIED,197.0,9635.0,9608.0,1170.0,39.0,105.0,760.0,21514.0
676,NICASIO,0.0,13.0,27.0,3.0,0.0,0.0,0.0,43.0
677,NORRIS ELEMENTARY,58.0,1152.0,2322.0,212.0,43.0,4.0,307.0,4098.0
678,NORTH COUNTY JOINT UNION ELEMENTARY,2.0,437.0,273.0,1.0,0.0,0.0,41.0,754.0
679,NORTH COUNTY REGIONAL OCCUPATIONAL CENTER/PROGRAM (ROC/P),0.0,0.0,0.0,0.0,0.0,0.0,0.0,0.0
680,NORTH COW CREEK ELEMENTARY,2.0,17.0,214.0,4.0,7.0,0.0,19.0,263.0
681,NORTH KERN VOCATIONAL TRAINING CENTER,0.0,0.0,0.0,0.0,0.0,0.0,0.0,0.0
682,NORTH KERN VOCATIONAL TRAINING CENTER JPA,0.0,0.0,0.0,0.0,0.0,0.0,0.0,0.0
683,NORTH MONTEREY COUNTY UNIFIED,15.0,3852.0,611.0,58.0,12.0,13.0,52.0,4613.0
684,NORTH ORANGE COUNTY ROP JPA,0.0,0.0,0.0,0.0,0.0,0.0,0.0,0.0
685,NORTH ORANGE COUNTY ROP-ADULT,0.0,0.0,0.0,0.0,0.0,0.0,0.0,0.0
686,NORTH SANTA CRUZ COUNTY SELPA,0.0,0.0,0.0,0.0,0.0,0.0,0.0,0.0
687,NORTHERN CALIF. MEDI-CAL ADMIN. SERVICES JPA,0.0,0.0,0.0,0.0,0.0,0.0,0.0,0.0
688,NORTHERN HUMBOLDT UNION HIGH,13.0,184.0,1202.0,33.0,90.0,4.0,213.0,1739.0
689,NORWALK-LA MIRADA UNIFIED,479.0,14675.0,1600.0,1246.0,30.0,80.0,264.0,18374.0
690,NOVATO UNIFIED,217.0,2773.0,3906.0,466.0,51.0,15.0,441.0,7869.0
691,NUESTRO ELEMENTARY,22.0,69.0,319.0,40.0,6.0,0.0,34.0,490.0
692,NUVIEW UNION,311.0,2084.0,433.0,45.0,12.0,10.0,77.0,2972.0
693,OAK GROVE ELEMENTARY,373.0,4982.0,1851.0,2478.0,29.0,81.0,568.0,10362.0
694,OAK GROVE UNION ELEMENTARY,13.0,371.0,633.0,24.0,12.0,1.0,85.0,1139.0
695,OAK PARK UNIFIED,64.0,427.0,2848.0,1039.0,18.0,7.0,181.0,4584.0
696,OAK RUN ELEMENTARY,0.0,1.0,54.0,0.0,1.0,0.0,8.0,64.0
697,OAK VALLEY UNION ELEMENTARY,8.0,418.0,127.0,2.0,6.0,0.0,3.0,564.0
698,OAK VIEW UNION ELEMENTARY,1.0,178.0,193.0,9.0,1.0,4.0,16.0,402.0
699,OAKDALE JOINT UNIFIED,29.0,1954.0,3034.0,102.0,46.0,14.0,98.0,5277.0
700,OAKLAND UNIFIED,12412.0,22333.0,4919.0,6833.0,139.0,447.0,2626.0,49709.0
701,OAKLEY UNION ELEMENTARY,477.0,2298.0,1644.0,331.0,28.0,27.0,210.0,5015.0
702,OCEAN VIEW,27.0,2331.0,152.0,100.0,3.0,4.0,24.0,2641.0
703,OCEAN VIEW,99.0,3325.0,3243.0,1284.0,22.0,24.0,470.0,8467.0
704,OCEANSIDE UNIFIED,1006.0,11334.0,5579.0,987.0,74.0,383.0,1266.0,20629.0
705,OJAI UNIFIED,19.0,894.0,1498.0,42.0,14.0,5.0,65.0,2537.0
706,OLD ADOBE UNION,26.0,853.0,913.0,80.0,8.0,9.0,103.0,1992.0
707,ONTARIO-MONTCLAIR,515.0,19375.0,730.0,551.0,139.0,56.0,299.0,21665.0
708,ORANGE CENTER,53.0,417.0,225.0,80.0,13.0,0.0,44.0,832.0
709,ORANGE COUNTY DEPARTMENT OF EDUCATION,125.0,3858.0,1527.0,349.0,33.0,37.0,304.0,6233.0
710,ORANGE UNIFIED,362.0,15693.0,8175.0,3302.0,55.0,88.0,847.0,28522.0
711,ORCHARD ELEMENTARY,30.0,339.0,56.0,393.0,4.0,24.0,48.0,894.0
712,ORCUTT UNION ELEMENTARY,42.0,2457.0,2240.0,144.0,37.0,14.0,340.0,5274.0
713,ORICK ELEMENTARY,0.0,0.0,13.0,0.0,0.0,0.0,1.0,14.0
714,ORINDA UNION ELEMENTARY,36.0,128.0,1712.0,470.0,13.0,4.0,179.0,2542.0
715,ORLAND JOINT UNIFIED,6.0,1359.0,734.0,68.0,18.0,0.0,16.0,2201.0
716,ORO GRANDE,446.0,2138.0,985.0,36.0,43.0,19.0,155.0,3822.0
717,OROVILLE CITY ELEMENTARY,85.0,454.0,1478.0,226.0,98.0,10.0,345.0,2696.0
718,OROVILLE UNION HIGH,74.0,432.0,1078.0,311.0,148.0,9.0,81.0,2133.0
719,OUTSIDE CREEK ELEMENTARY,0.0,83.0,27.0,1.0,0.0,0.0,1.0,112.0
720,OWENS VALLEY UNIFIED,0.0,34.0,35.0,0.0,10.0,0.0,5.0,84.0
721,OXNARD,195.0,15564.0,577.0,343.0,18.0,29.0,96.0,16822.0
722,OXNARD UNION HIGH,285.0,13191.0,2429.0,958.0,23.0,56.0,326.0,17268.0
723,PACHECO UNION ELEMENTARY,2.0,86.0,462.0,18.0,19.0,0.0,26.0,613.0
724,PACIFIC ELEMENTARY,0.0,35.0,62.0,1.0,0.0,0.0,8.0,106.0
725,PACIFIC GROVE UNIFIED,37.0,357.0,1288.0,214.0,6.0,14.0,162.0,2078.0
726,PACIFIC UNION ELEMENTARY,5.0,127.0,347.0,8.0,19.0,0.0,63.0,569.0
727,PACIFIC UNION ELEMENTARY,5.0,333.0,42.0,14.0,3.0,0.0,2.0,399.0
728,PACIFICA,41.0,803.0,1303.0,526.0,8.0,29.0,440.0,3150.0
729,PAJARO VALLEY UNIFIED,99.0,16671.0,3179.0,333.0,33.0,20.0,65.0,20400.0
730,PAJARO VALLEY UNIFIED SELPA,0.0,0.0,0.0,0.0,0.0,0.0,0.0,0.0
731,PALERMO UNION ELEMENTARY,9.0,432.0,572.0,41.0,69.0,0.0,123.0,1246.0
732,PALM SPRINGS UNIFIED,1157.0,17848.0,2791.0,721.0,103.0,32.0,435.0,23087.0
733,PALMDALE ELEMENTARY,3364.0,16769.0,1455.0,333.0,167.0,31.0,269.0,22388.0
734,PALO ALTO UNIFIED,226.0,1507.0,4920.0,4372.0,22.0,103.0,1109.0,12259.0
735,PALO VERDE UNIFIED,203.0,2146.0,637.0,32.0,17.0,7.0,54.0,3096.0
736,PALO VERDE UNION ELEMENTARY,1.0,460.0,64.0,0.0,6.0,0.0,4.0,535.0
737,PALOS VERDES PENINSULA UNIFIED,266.0,1390.0,5480.0,3447.0,26.0,19.0,800.0,11428.0
738,PANAMA-BUENA VISTA UNION,1640.0,10176.0,3840.0,1656.0,66.0,99.0,423.0,17900.0
739,PANOCHE ELEMENTARY,0.0,6.0,0.0,0.0,0.0,0.0,0.0,6.0
740,PARADISE ELEMENTARY,1.0,57.0,6.0,0.0,0.0,0.0,135.0,199.0
741,PARADISE UNIFIED,25.0,582.0,3213.0,51.0,73.0,6.0,308.0,4258.0
742,PARAMOUNT UNIFIED,1181.0,13617.0,182.0,183.0,13.0,104.0,125.0,15405.0
743,PARLIER UNIFIED,1.0,3384.0,30.0,15.0,4.0,0.0,1.0,3435.0
744,PARTNERS IN NUTRITION COOPERATIVE,0.0,0.0,0.0,0.0,0.0,0.0,0.0,0.0
745,PASADENA UNIFIED,2382.0,10833.0,3274.0,1236.0,59.0,42.0,584.0,18410.0
746,PASO ROBLES JOINT UNIFIED,99.0,3620.0,2742.0,75.0,29.0,17.0,218.0,6800.0
747,PATTERSON JOINT UNIFIED,348.0,4433.0,737.0,228.0,26.0,101.0,189.0,6062.0
748,PENINSULA UNION,2.0,3.0,29.0,0.0,1.0,0.0,1.0,36.0
749,PENN VALLEY UNION ELEMENTARY,4.0,67.0,472.0,8.0,12.0,0.0,37.0,600.0
750,PERRIS ELEMENTARY,450.0,5231.0,212.0,46.0,8.0,12.0,4.0,5963.0
751,PERRIS UNION HIGH,652.0,7700.0,1664.0,357.0,26.0,47.0,350.0,10796.0
752,PETALUMA CITY ELEMENTARY,29.0,761.0,1422.0,61.0,15.0,6.0,110.0,2404.0
753,PETALUMA CITY ELEMENTARY/JOINT UNION HIGH,0.0,0.0,0.0,0.0,0.0,0.0,0.0,0.0
754,PETALUMA JOINT UNION HIGH,66.0,1758.0,3109.0,174.0,31.0,18.0,207.0,5363.0
755,PIEDMONT CITY UNIFIED,38.0,207.0,1611.0,359.0,1.0,2.0,474.0,2692.0
756,PIERCE JOINT UNIFIED,21.0,1103.0,317.0,19.0,0.0,3.0,17.0,1480.0
757,PINE RIDGE ELEMENTARY,0.0,8.0,88.0,0.0,0.0,0.0,0.0,96.0
758,PINER-OLIVET UNION ELEMENTARY,45.0,646.0,495.0,110.0,22.0,10.0,94.0,1422.0
759,PIONEER UNION ELEMENTARY,0.0,14.0,42.0,0.0,1.0,0.0,9.0,66.0
760,PIONEER UNION ELEMENTARY,1.0,56.0,200.0,4.0,2.0,0.0,40.0,303.0
761,PIONEER UNION ELEMENTARY,84.0,721.0,625.0,117.0,18.0,19.0,29.0,1613.0
762,PITTSBURG UNIFIED,1967.0,7323.0,625.0,914.0,24.0,178.0,448.0,11479.0
763,PIXLEY UNION ELEMENTARY,21.0,1038.0,39.0,6.0,2.0,0.0,0.0,1106.0
764,PLACENTIA-YORBA LINDA UNIFIED,339.0,10730.0,9454.0,4359.0,54.0,57.0,741.0,25734.0
765,PLACER COUNTY OFFICE OF EDUCATION,14.0,141.0,521.0,17.0,12.0,2.0,68.0,775.0
766,PLACER HILLS UNION ELEMENTARY,5.0,53.0,620.0,7.0,7.0,0.0,29.0,721.0
767,PLACER UNION HIGH,26.0,555.0,3087.0,49.0,47.0,3.0,287.0,4054.0
768,PLACERVILLE UNION ELEMENTARY,5.0,377.0,816.0,10.0,13.0,3.0,69.0,1293.0
769,PLAINSBURG UNION ELEMENTARY,0.0,52.0,71.0,0.0,0.0,1.0,0.0,124.0
770,PLANADA ELEMENTARY,5.0,782.0,15.0,3.0,2.0,0.0,0.0,807.0
771,PLAZA ELEMENTARY,0.0,60.0,126.0,2.0,2.0,0.0,10.0,200.0
772,PLEASANT GROVE JOINT UNION,1.0,27.0,150.0,4.0,1.0,3.0,8.0,194.0
773,PLEASANT RIDGE UNION ELEMENTARY,2.0,111.0,983.0,10.0,6.0,2.0,64.0,1178.0
774,PLEASANT VALLEY,203.0,2732.0,3127.0,734.0,27.0,29.0,432.0,7284.0
775,PLEASANT VALLEY JOINT UNION ELEMENTARY,0.0,37.0,47.0,1.0,0.0,2.0,12.0,99.0
776,PLEASANT VIEW ELEMENTARY,0.0,422.0,4.0,32.0,2.0,0.0,16.0,476.0
777,PLEASANTON UNIFIED,201.0,1467.0,6330.0,6019.0,23.0,34.0,704.0,14778.0
778,PLUMAS COUNTY OFFICE OF EDUCATION,1.0,2.0,18.0,0.0,0.0,0.0,2.0,23.0
779,PLUMAS COUNTY ROP,0.0,0.0,0.0,0.0,0.0,0.0,0.0,0.0
780,PLUMAS LAKE ELEMENTARY,41.0,321.0,668.0,79.0,15.0,7.0,141.0,1272.0
781,PLUMAS UNIFIED,25.0,326.0,1559.0,23.0,77.0,2.0,121.0,2133.0
782,POINT ARENA JOINT UNION HIGH,0.0,76.0,59.0,1.0,11.0,0.0,1.0,148.0
783,POLLOCK PINES ELEMENTARY,8.0,107.0,525.0,12.0,7.0,2.0,26.0,687.0
784,POMONA UNIFIED,1096.0,20746.0,886.0,1114.0,47.0,37.0,279.0,24205.0
785,POND UNION ELEMENTARY,0.0,184.0,6.0,4.0,1.0,0.0,1.0,196.0
786,POPE VALLEY UNION ELEMENTARY,0.0,35.0,18.0,0.0,2.0,0.0,3.0,58.0
787,PORTERVILLE UNIFIED,74.0,11554.0,1722.0,391.0,324.0,60.0,243.0,14368.0
788,PORTOLA VALLEY ELEMENTARY,8.0,91.0,433.0,34.0,0.0,4.0,57.0,627.0
789,POTTER VALLEY COMMUNITY UNIFIED,2.0,107.0,142.0,0.0,10.0,0.0,9.0,270.0
790,POWAY UNIFIED,822.0,5299.0,16892.0,9860.0,66.0,132.0,2801.0,35872.0
791,PRINCETON JOINT UNIFIED,2.0,101.0,66.0,0.0,0.0,0.0,0.0,169.0
792,PUPIL TRANSPORTATION CO-OP JPA,0.0,0.0,0.0,0.0,0.0,0.0,0.0,0.0
793,RAISIN CITY ELEMENTARY,43.0,566.0,47.0,19.0,4.0,0.0,14.0,693.0
794,RAMONA CITY UNIFIED,45.0,2035.0,3126.0,44.0,52.0,8.0,213.0,5523.0
795,RANCHO SANTA FE ELEMENTARY,5.0,72.0,468.0,45.0,2.0,0.0,49.0,641.0
796,RAVENDALE-TERMO ELEMENTARY,9.0,93.0,480.0,5.0,22.0,1.0,50.0,660.0
797,RAVENSWOOD CITY ELEMENTARY,255.0,3209.0,23.0,22.0,4.0,294.0,46.0,3853.0
798,RAYMOND-KNOWLES UNION ELEMENTARY,0.0,18.0,48.0,4.0,8.0,0.0,5.0,83.0
799,RED BLUFF JOINT UNION HIGH,20.0,466.0,1015.0,21.0,53.0,4.0,51.0,1630.0
800,RED BLUFF UNION ELEMENTARY,23.0,734.0,1137.0,17.0,63.0,6.0,80.0,2060.0
801,REDDING ELEMENTARY,61.0,484.0,2241.0,85.0,109.0,9.0,230.0,3219.0
802,REDLANDS UNIFIED,1335.0,10321.0,6238.0,2361.0,79.0,70.0,991.0,21395.0
803,REDONDO BEACH UNIFIED,417.0,2284.0,4581.0,1104.0,24.0,44.0,1334.0,9788.0
804,REDWOOD CITY ELEMENTARY,91.0,6467.0,1717.0,317.0,7.0,105.0,283.0,8987.0
805,REED UNION ELEMENTARY,11.0,59.0,1227.0,112.0,2.0,2.0,117.0,1530.0
806,REEDS CREEK ELEMENTARY,1.0,16.0,121.0,0.0,7.0,0.0,6.0,151.0
807,REEF-SUNSET UNIFIED,1.0,2567.0,69.0,5.0,3.0,0.0,5.0,2650.0
808,RESCUE UNION ELEMENTARY,41.0,580.0,2674.0,234.0,9.0,10.0,172.0,3720.0
809,RIALTO UNIFIED,2541.0,21449.0,910.0,346.0,74.0,124.0,240.0,25684.0
810,RICHFIELD ELEMENTARY,1.0,109.0,117.0,5.0,2.0,0.0,8.0,242.0
811,RICHGROVE ELEMENTARY,0.0,597.0,7.0,16.0,3.0,0.0,0.0,623.0
812,RICHLAND UNION ELEMENTARY,11.0,3258.0,155.0,37.0,1.0,2.0,2.0,3466.0
813,RICHMOND ELEMENTARY,0.0,19.0,183.0,0.0,1.0,1.0,12.0,216.0
814,RIM OF THE WORLD UNIFIED,36.0,1270.0,2011.0,33.0,14.0,6.0,151.0,3521.0
815,RINCON VALLEY UNION ELEMENTARY,96.0,983.0,2035.0,212.0,50.0,47.0,129.0,3552.0
816,RIO BRAVO-GREELEY UNION ELEMENTARY,13.0,425.0,544.0,18.0,20.0,5.0,8.0,1033.0
817,RIO DELL ELEMENTARY,2.0,75.0,216.0,1.0,14.0,0.0,24.0,332.0
818,RIO ELEMENTARY,47.0,4418.0,352.0,231.0,13.0,14.0,67.0,5142.0
819,RIPON UNIFIED,97.0,1433.0,2101.0,258.0,15.0,18.0,296.0,4218.0
820,RIVER DELTA JOINT UNIFIED,35.0,1244.0,902.0,29.0,14.0,6.0,116.0,2346.0
821,RIVERBANK UNIFIED,28.0,2338.0,429.0,22.0,9.0,7.0,42.0,2875.0
822,RIVERDALE JOINT UNIFIED,13.0,1360.0,236.0,9.0,9.0,1.0,3.0,1631.0
823,RIVERSIDE COUNTY OFFICE OF EDUCATION,509.0,4114.0,3174.0,205.0,52.0,27.0,439.0,8520.0
824,RIVERSIDE COUNTY OFFICE OF EDUCATION ROP,0.0,0.0,0.0,0.0,0.0,0.0,0.0,0.0
825,RIVERSIDE UNIFIED,2937.0,26530.0,9668.0,1924.0,176.0,175.0,1296.0,42706.0
826,ROBERTS FERRY UNION ELEMENTARY,1.0,48.0,69.0,1.0,0.0,0.0,12.0,131.0
827,ROBLA ELEMENTARY,342.0,1037.0,325.0,420.0,26.0,63.0,71.0,2284.0
828,ROCKFORD ELEMENTARY,2.0,180.0,165.0,13.0,3.0,0.0,7.0,370.0
829,ROCKLIN UNIFIED,196.0,1900.0,8499.0,1508.0,66.0,54.0,1006.0,13229.0
830,ROMOLAND ELEMENTARY,191.0,2607.0,828.0,126.0,8.0,33.0,39.0,3832.0
831,ROSEDALE UNION ELEMENTARY,150.0,1847.0,3032.0,330.0,43.0,8.0,209.0,5619.0
832,ROSELAND,20.0,2633.0,84.0,36.0,34.0,4.0,41.0,2852.0
833,ROSEMEAD ELEMENTARY,4.0,1016.0,48.0,1307.0,3.0,0.0,133.0,2511.0
834,ROSEVILLE CITY ELEMENTARY,223.0,2402.0,5528.0,1237.0,60.0,48.0,1056.0,10554.0
835,ROSEVILLE JOINT UNION HIGH,403.0,1846.0,6074.0,1234.0,47.0,64.0,536.0,10204.0
836,ROSS ELEMENTARY,0.0,24.0,341.0,5.0,1.0,2.0,10.0,383.0
837,ROSS VALLEY ELEMENTARY,22.0,210.0,1782.0,82.0,8.0,4.0,125.0,2233.0
838,ROUND VALLEY JOINT ELEMENTARY,0.0,22.0,99.0,1.0,7.0,2.0,7.0,138.0
839,ROUND VALLEY UNIFIED,0.0,124.0,51.0,0.0,250.0,0.0,10.0,435.0
840,ROWLAND UNIFIED,304.0,9038.0,530.0,4017.0,21.0,44.0,274.0,14228.0
841,SACRAMENTO CITY UNIFIED,7536.0,18460.0,8141.0,8376.0,274.0,932.0,3018.0,46737.0
842,SACRAMENTO COUNTY OFFICE OF EDUCATION,1108.0,604.0,223.0,98.0,36.0,27.0,118.0,2214.0
843,SACRAMENTO COUNTY ROP,0.0,0.0,0.0,0.0,0.0,0.0,0.0,0.0
844,SADDLEBACK VALLEY UNIFIED,394.0,9636.0,12640.0,3088.0,45.0,66.0,1849.0,27718.0
845,SAINT HELENA UNIFIED,4.0,603.0,555.0,14.0,7.0,1.0,15.0,1199.0
846,SALIDA UNION ELEMENTARY,101.0,1929.0,904.0,167.0,3.0,21.0,157.0,3282.0
847,SALINAS CITY ELEMENTARY,68.0,8162.0,497.0,157.0,5.0,9.0,125.0,9023.0
848,SALINAS UNION HIGH,134.0,12877.0,1284.0,534.0,21.0,21.0,74.0,14945.0
849,SAN ANTONIO ROP,0.0,0.0,0.0,0.0,0.0,0.0,0.0,0.0
850,SAN ANTONIO ROP,0.0,0.0,0.0,0.0,0.0,0.0,0.0,0.0
851,SAN ANTONIO UNION ELEMENTARY,8.0,55.0,75.0,2.0,1.0,0.0,16.0,157.0
852,SAN ARDO UNION ELEMENTARY,0.0,91.0,5.0,0.0,0.0,0.0,1.0,97.0
853,SAN BENITO COUNTY OFFICE OF EDUCATION,0.0,44.0,4.0,0.0,0.0,0.0,0.0,48.0
854,SAN BENITO HIGH,12.0,2149.0,765.0,72.0,6.0,1.0,38.0,3043.0
855,SAN BERNARDINO CITY UNIFIED,6420.0,39586.0,3167.0,946.0,260.0,229.0,2544.0,53152.0
856,SAN BERNARDINO COUNTY OFFICE OF EDUCATION,521.0,2152.0,458.0,75.0,36.0,10.0,186.0,3438.0
857,SAN BERNARDINO COUNTY ROP,0.0,0.0,0.0,0.0,0.0,0.0,0.0,0.0
858,SAN BRUNO PARK ELEMENTARY,48.0,1033.0,571.0,626.0,3.0,144.0,244.0,2669.0
859,SAN CARLOS ELEMENTARY,33.0,521.0,2061.0,464.0,2.0,8.0,427.0,3516.0
860,SAN DIEGO COUNTY OFFICE OF EDUCATION,223.0,1428.0,821.0,503.0,18.0,12.0,120.0,3125.0
861,SAN DIEGO COUNTY ROP,0.0,0.0,0.0,0.0,0.0,0.0,0.0,0.0
862,SAN DIEGO UNIFIED,11087.0,59806.0,29347.0,17202.0,298.0,572.0,9728.0,128040.0
863,SAN DIEGUITO UNION HIGH,98.0,1722.0,8459.0,2226.0,43.0,24.0,342.0,12914.0
864,SAN FRANCISCO COUNTY OFFICE OF EDUCATION,99.0,119.0,53.0,48.0,5.0,12.0,26.0,362.0
865,SAN FRANCISCO COUNTY ROP,0.0,0.0,0.0,0.0,0.0,0.0,0.0,0.0
866,SAN FRANCISCO UNIFIED,5367.0,18255.0,8467.0,21991.0,244.0,620.0,5189.0,60133.0
867,SAN GABRIEL UNIFIED,107.0,2505.0,485.0,2818.0,26.0,10.0,351.0,6302.0
868,SAN JACINTO UNIFIED,920.0,7756.0,1645.0,223.0,253.0,70.0,309.0,11176.0
869,SAN JOAQUIN COUNTY OFFICE OF EDUCATION,481.0,2338.0,800.0,391.0,31.0,29.0,197.0,4267.0
870,SAN JOAQUIN COUNTY ROP,0.0,0.0,0.0,0.0,0.0,0.0,0.0,0.0
871,SAN JOAQUIN DATA PROCESSING JPA,0.0,0.0,0.0,0.0,0.0,0.0,0.0,0.0
872,SAN JOSE UNIFIED,799.0,17050.0,7701.0,4779.0,111.0,115.0,1449.0,32004.0
873,SAN JUAN UNIFIED,3648.0,11260.0,27934.0,3292.0,459.0,390.0,2270.0,49253.0
874,SAN LEANDRO UNIFIED,1178.0,4137.0,761.0,2041.0,22.0,107.0,392.0,8638.0
875,SAN LORENZO UNIFIED,1248.0,6556.0,942.0,2472.0,34.0,159.0,296.0,11707.0
876,SAN LORENZO VALLEY UNIFIED,40.0,799.0,3258.0,217.0,18.0,13.0,576.0,4921.0
877,SAN LUCAS UNION ELEMENTARY,0.0,55.0,10.0,0.0,0.0,2.0,1.0,68.0
878,SAN LUIS COASTAL UNIFIED,67.0,2199.0,4601.0,434.0,29.0,15.0,373.0,7718.0
879,SAN LUIS OBISPO COUNTY OFFICE OF EDUCATION,7.0,292.0,99.0,3.0,11.0,2.0,7.0,421.0
880,SAN MARCOS UNIFIED,396.0,9523.0,9323.0,1523.0,60.0,97.0,48.0,20970.0
881,SAN MARINO UNIFIED,19.0,217.0,733.0,1826.0,3.0,7.0,269.0,3074.0
882,SAN MATEO COUNTY OFFICE OF EDUCATION,9.0,115.0,41.0,53.0,0.0,12.0,10.0,240.0
883,SAN MATEO COUNTY ROP,0.0,0.0,0.0,0.0,0.0,0.0,0.0,0.0
884,SAN MATEO UNION HIGH,87.0,2847.0,2634.0,2527.0,19.0,213.0,777.0,9104.0
885,SAN MATEO-FOSTER CITY,132.0,4097.0,3091.0,3398.0,12.0,279.0,961.0,11970.0
886,SAN MIGUEL JOINT UNION,1.0,448.0,402.0,7.0,3.0,0.0,31.0,892.0
887,SAN PASQUAL UNION ELEMENTARY,10.0,146.0,341.0,14.0,1.0,0.0,41.0,553.0
888,SAN PASQUAL VALLEY UNIFIED,6.0,320.0,16.0,0.0,333.0,0.0,37.0,712.0
889,SAN RAFAEL CITY ELEMENTARY,46.0,3194.0,1269.0,183.0,15.0,11.0,40.0,4758.0
890,SAN RAFAEL CITY HIGH,38.0,1397.0,868.0,162.0,13.0,9.0,32.0,2519.0
891,SAN RAMON VALLEY UNIFIED,541.0,2843.0,13801.0,12621.0,61.0,57.0,2452.0,32376.0
892,SAN YSIDRO ELEMENTARY,107.0,4366.0,72.0,207.0,1.0,2.0,60.0,4815.0
893,SANGER UNIFIED,142.0,8143.0,1665.0,1234.0,31.0,19.0,488.0,11722.0
894,SANTA ANA UNIFIED,153.0,50678.0,1445.0,1613.0,124.0,70.0,422.0,54505.0
895,SANTA BARBARA COUNTY OFFICE OF EDUCATION,5.0,193.0,42.0,5.0,1.0,0.0,4.0,250.0
896,SANTA BARBARA COUNTY ROP,0.0,0.0,0.0,0.0,0.0,0.0,0.0,0.0
897,SANTA BARBARA COUNTY SELPA JPA,0.0,0.0,0.0,0.0,0.0,0.0,0.0,0.0
898,SANTA BARBARA UNIFIED,157.0,9029.0,5129.0,594.0,77.0,17.0,182.0,15185.0
899,SANTA CLARA COUNTY OFFICE OF EDUCATION,326.0,6706.0,1301.0,2028.0,44.0,35.0,603.0,11043.0
900,SANTA CLARA COUNTY ROP,0.0,0.0,0.0,0.0,0.0,0.0,0.0,0.0
901,SANTA CLARA ELEMENTARY,0.0,24.0,26.0,1.0,0.0,0.0,5.0,56.0
902,SANTA CLARA UNIFIED,446.0,5391.0,3202.0,5350.0,85.0,98.0,795.0,15367.0
903,SANTA CLARITA VLLY SCH FOOD SVS AGENCY JPA,0.0,0.0,0.0,0.0,0.0,0.0,0.0,0.0
904,SANTA CRUZ CITY ELEMENTARY,36.0,844.0,1110.0,108.0,5.0,10.0,93.0,2206.0
905,SANTA CRUZ CITY ELEMENTARY/HIGH,0.0,0.0,0.0,0.0,0.0,0.0,0.0,0.0
906,SANTA CRUZ CITY HIGH,58.0,1706.0,2415.0,167.0,21.0,14.0,201.0,4582.0
907,SANTA CRUZ COUNTY OFFICE OF EDUCATION,11.0,458.0,667.0,35.0,8.0,0.0,68.0,1247.0
908,SANTA CRUZ COUNTY ROP,0.0,0.0,0.0,0.0,0.0,0.0,0.0,0.0
909,SANTA MARIA JOINT UNION HIGH,80.0,6599.0,780.0,248.0,23.0,11.0,117.0,7858.0
910,SANTA MARIA-BONITA,71.0,15869.0,519.0,321.0,30.0,6.0,52.0,16868.0
911,SANTA MONICA-MALIBU UNIFIED,734.0,3266.0,5549.0,721.0,28.0,18.0,689.0,11005.0
912,SANTA PAULA UNIFIED,6.0,5223.0,193.0,13.0,5.0,3.0,11.0,5454.0
913,SANTA RITA UNION ELEMENTARY,24.0,3047.0,329.0,78.0,5.0,8.0,28.0,3519.0
914,SANTA ROSA CITY SCHOOLS,0.0,0.0,0.0,0.0,0.0,0.0,0.0,0.0
915,SANTA ROSA ELEMENTARY,94.0,3286.0,1392.0,259.0,36.0,13.0,235.0,5315.0
916,SANTA ROSA HIGH,252.0,5362.0,4098.0,739.0,93.0,55.0,664.0,11263.0
917,SANTA YNEZ VALLEY UNION HIGH,2.0,408.0,492.0,5.0,10.0,0.0,39.0,956.0
918,SANTEE,107.0,1896.0,3759.0,224.0,30.0,20.0,725.0,6761.0
919,SARATOGA UNION ELEMENTARY,3.0,71.0,565.0,1073.0,1.0,2.0,191.0,1906.0
920,SAUCELITO ELEMENTARY,2.0,62.0,28.0,0.0,0.0,0.0,2.0,94.0
921,SAUGUS UNION,368.0,3190.0,4654.0,1381.0,24.0,22.0,261.0,9900.0
922,SAUSALITO MARIN CITY,119.0,154.0,176.0,58.0,2.0,0.0,49.0,558.0
923,SAVANNA ELEMENTARY,82.0,1374.0,307.0,445.0,4.0,15.0,104.0,2331.0
924,SBC - HIGH TECH HIGH,70.0,1472.0,590.0,204.0,25.0,9.0,115.0,2485.0
925,SBE - ACADEMIA AVANCE CHARTER,0.0,376.0,0.0,0.0,0.0,0.0,21.0,397.0
926,SBE - ANAHUACALMECAC INTERNATIONAL UNIV PREP OF N. AMERICA,2.0,363.0,1.0,0.0,2.0,0.0,6.0,374.0
927,SBE - AUDEO CHARTER II,6.0,173.0,89.0,3.0,0.0,2.0,14.0,287.0
928,SBE - BARACK OBAMA CHARTER,211.0,134.0,3.0,1.0,1.0,0.0,5.0,355.0
929,SBE - BAYPOINT PREPARATORY ACADEMY,25.0,171.0,164.0,12.0,1.0,1.0,9.0,383.0
930,SBE - LIFELINE EDUCATION CHARTER,89.0,537.0,0.0,0.0,0.0,0.0,2.0,628.0
931,SBE - MAGNOLIA SCIENCE ACADEMY SANTA ANA,4.0,529.0,74.0,16.0,4.0,0.0,12.0,639.0
932,SBE - NEW WEST CHARTER,55.0,214.0,418.0,66.0,2.0,3.0,67.0,825.0
933,SBE - OLIVE GROVE CHARTER,4.0,157.0,117.0,3.0,2.0,1.0,14.0,298.0
934,SBE - ONEPURPOSE,66.0,45.0,0.0,3.0,0.0,4.0,5.0,123.0
935,SBE - PARAMOUNT COLLEGIATE ACADEMY,9.0,26.0,44.0,2.0,0.0,0.0,1.0,82.0
936,SBE - PREPA TEC LOS ANGELES HIGH,0.0,111.0,1.0,0.0,0.0,0.0,0.0,112.0
937,SBE - RIDGECREST CHARTER,7.0,146.0,275.0,15.0,3.0,0.0,29.0,475.0
938,SBE - ROCKETSHIP FUTURO ACADEMY,5.0,103.0,4.0,6.0,0.0,2.0,4.0,124.0
939,SBE - ROSS VALLEY ELEMENTARY,0.0,0.0,0.0,0.0,0.0,0.0,0.0,0.0
940,SBE - THE NEW SCHOOL OF SAN FRANCISCO,6.0,1.0,59.0,11.0,2.0,0.0,51.0,130.0
941,SBE - THE SCHOOL OF ARTS AND ENTERPRISE,35.0,543.0,90.0,7.0,3.0,6.0,61.0,745.0
942,SBE - THRIVE PUBLIC,64.0,181.0,141.0,22.0,4.0,3.0,46.0,461.0
943,SBE - WEI YU INTERNATIONAL CHARTER,0.0,0.0,0.0,0.0,0.0,0.0,0.0,0.0
944,SCHOOL PROJECT UTILITY RATE REDUCTION,0.0,0.0,0.0,0.0,0.0,0.0,0.0,0.0
945,SCOTIA UNION ELEMENTARY,0.0,23.0,155.0,2.0,5.0,1.0,25.0,211.0
946,SCOTT VALLEY UNIFIED,6.0,81.0,411.0,13.0,82.0,2.0,60.0,655.0
947,SCOTTS VALLEY UNIFIED,8.0,346.0,1784.0,101.0,9.0,2.0,255.0,2505.0
948,SEBASTOPOL UNION ELEMENTARY,6.0,255.0,562.0,11.0,5.0,3.0,86.0,928.0
949,SEELEY UNION ELEMENTARY,3.0,299.0,21.0,3.0,2.0,0.0,7.0,335.0
950,SEIAD ELEMENTARY,0.0,6.0,5.0,0.0,4.0,1.0,3.0,19.0
951,SELMA UNIFIED,16.0,5824.0,316.0,276.0,11.0,5.0,11.0,6459.0
952,SEMITROPIC ELEMENTARY,2.0,216.0,7.0,0.0,1.0,0.0,0.0,226.0
953,SEQUOIA UNION ELEMENTARY,0.0,108.0,212.0,2.0,2.0,1.0,8.0,333.0
954,SEQUOIA UNION HIGH,255.0,4578.0,3515.0,876.0,35.0,241.0,411.0,9911.0
955,SHAFFER UNION ELEMENTARY,0.0,58.0,103.0,2.0,9.0,1.0,7.0,180.0
956,SHANDON JOINT UNIFIED,4.0,226.0,63.0,0.0,0.0,1.0,16.0,310.0
957,SHASTA COUNTY OFFICE OF EDUCATION,3.0,73.0,432.0,7.0,15.0,1.0,61.0,592.0
958,SHASTA UNION ELEMENTARY,2.0,15.0,119.0,0.0,12.0,2.0,1.0,151.0
959,SHASTA UNION HIGH,103.0,776.0,4009.0,310.0,198.0,16.0,319.0,5731.0
960,SHASTA-TRINITY ROP,0.0,0.0,0.0,0.0,0.0,0.0,0.0,0.0
961,SHASTA-TRINITY ROP JPA,0.0,0.0,0.0,0.0,0.0,0.0,0.0,0.0
962,SHILOH ELEMENTARY,0.0,99.0,43.0,1.0,0.0,0.0,15.0,158.0
963,SHORELINE UNIFIED,1.0,294.0,194.0,8.0,6.0,4.0,8.0,515.0
964,SIERRA COUNTY OFFICE OF EDUCATION,0.0,0.0,0.0,0.0,0.0,0.0,0.0,0.0
965,SIERRA SANDS UNIFIED,288.0,1335.0,2935.0,221.0,75.0,38.0,128.0,5020.0
966,SIERRA UNIFIED,12.0,215.0,859.0,26.0,199.0,0.0,12.0,1323.0
967,SIERRA-PLUMAS JOINT UNIFIED,2.0,55.0,300.0,1.0,0.0,0.0,18.0,376.0
968,SILICON VALLEY JOINT POWERS TRANSPORTATION AGENCY,0.0,0.0,0.0,0.0,0.0,0.0,0.0,0.0
969,SILVER FORK ELEMENTARY,0.0,1.0,10.0,0.0,0.0,0.0,0.0,11.0
970,SILVER VALLEY UNIFIED,242.0,739.0,862.0,64.0,24.0,51.0,186.0,2168.0
971,SIMI VALLEY UNIFIED,171.0,6147.0,8351.0,1689.0,36.0,23.0,732.0,17149.0
972,SISKIYOU COUNTY OFFICE OF EDUCATION,3.0,77.0,352.0,5.0,22.0,0.0,71.0,530.0
973,SISKIYOU ROP,0.0,0.0,0.0,0.0,0.0,0.0,0.0,0.0
974,SISKIYOU UNION HIGH,14.0,102.0,337.0,17.0,33.0,5.0,47.0,555.0
975,SNELLING-MERCED FALLS UNION ELEMENTARY,1.0,34.0,38.0,0.0,1.0,0.0,2.0,76.0
976,SNOWLINE JOINT UNIFIED,481.0,3455.0,2908.0,162.0,41.0,28.0,573.0,7648.0
977,SOLANA BEACH ELEMENTARY,10.0,423.0,1598.0,759.0,3.0,1.0,218.0,3012.0
978,SOLANO COUNTY OFFICE OF EDUCATION,55.0,117.0,85.0,27.0,2.0,2.0,29.0,317.0
979,SOLEDAD UNIFIED,19.0,4624.0,103.0,78.0,8.0,8.0,16.0,4856.0
980,SOLVANG ELEMENTARY,6.0,313.0,245.0,7.0,4.0,0.0,16.0,591.0
981,SOMIS UNION,0.0,164.0,81.0,3.0,0.0,0.0,11.0,259.0
982,SONOMA COUNTY OFFICE OF EDUCATION,28.0,218.0,147.0,7.0,20.0,1.0,8.0,429.0
983,SONOMA COUNTY ROP,0.0,0.0,0.0,0.0,0.0,0.0,0.0,0.0
984,SONOMA VALLEY UNIFIED,24.0,2615.0,1669.0,105.0,18.0,9.0,122.0,4562.0
985,SONORA ELEMENTARY,3.0,116.0,531.0,34.0,6.0,2.0,36.0,728.0
986,SONORA UNION HIGH,10.0,211.0,769.0,17.0,16.0,4.0,41.0,1068.0
987,SOQUEL UNION ELEMENTARY,12.0,631.0,1151.0,47.0,9.0,3.0,128.0,1981.0
988,SOULSBYVILLE ELEMENTARY,2.0,82.0,371.0,1.0,5.0,0.0,33.0,494.0
989,SOUTH BAY UNION,207.0,6137.0,503.0,295.0,12.0,30.0,193.0,7377.0
990,SOUTH BAY UNION ELEMENTARY,6.0,166.0,578.0,23.0,42.0,3.0,97.0,915.0
991,SOUTH COUNTY SUPPORT SERVICES AGENCY,0.0,0.0,0.0,0.0,0.0,0.0,0.0,0.0
992,SOUTH FORK UNION,0.0,43.0,180.0,0.0,9.0,0.0,9.0,241.0
993,SOUTH MONTEREY COUNTY JOINT UNION HIGH,10.0,2102.0,115.0,14.0,10.0,0.0,22.0,2273.0
994,SOUTH PASADENA UNIFIED,86.0,1148.0,1348.0,1679.0,12.0,5.0,501.0,4779.0
995,SOUTH SAN FRANCISCO UNIFIED,128.0,4270.0,586.0,3178.0,18.0,187.0,512.0,8879.0
996,SOUTH WHITTIER ELEMENTARY,19.0,2753.0,89.0,45.0,4.0,4.0,4.0,2918.0
997,SOUTHEAST ROP,0.0,0.0,0.0,0.0,0.0,0.0,0.0,0.0
998,SOUTHEAST ROP,0.0,0.0,0.0,0.0,0.0,0.0,0.0,0.0
999,SOUTHERN CALIFORNIA ROC,0.0,0.0,0.0,0.0,0.0,0.0,0.0,0.0
1000,SOUTHERN CALIFORNIA ROP,0.0,0.0,0.0,0.0,0.0,0.0,0.0,0.0
1001,SOUTHERN HUMBOLDT JOINT UNIFIED,8.0,112.0,559.0,8.0,12.0,7.0,41.0,747.0
1002,SOUTHERN KERN UNIFIED,348.0,1794.0,1081.0,53.0,29.0,12.0,89.0,3406.0
1003,SOUTHERN PLACER SCHOOLS TRANSPORTATION AUTHORITY,0.0,0.0,0.0,0.0,0.0,0.0,0.0,0.0
1004,SOUTHERN TRINITY JOINT UNIFIED,0.0,6.0,86.0,0.0,2.0,0.0,9.0,103.0
1005,SOUTHSIDE ELEMENTARY,2.0,131.0,43.0,0.0,0.0,0.0,60.0,236.0
1006,SOUTHWEST TRANSPORTATION AGENCY,0.0,0.0,0.0,0.0,0.0,0.0,0.0,0.0
1007,SPENCER VALLEY ELEMENTARY,193.0,709.0,1004.0,112.0,19.0,17.0,222.0,2276.0
1008,SPRECKELS UNION ELEMENTARY,4.0,305.0,525.0,57.0,2.0,0.0,80.0,973.0
1009,SPRINGVILLE UNION ELEMENTARY,0.0,65.0,234.0,7.0,10.0,0.0,1.0,317.0
1010,STANDARD ELEMENTARY,32.0,914.0,2033.0,35.0,40.0,0.0,76.0,3130.0
1011,STANISLAUS COUNTY OFFICE OF EDUCATION,101.0,1205.0,877.0,64.0,24.0,13.0,97.0,2381.0
1012,STANISLAUS UNION ELEMENTARY,201.0,1775.0,746.0,399.0,28.0,36.0,273.0,3458.0
1013,STOCKTON UNIFIED,4453.0,26645.0,2472.0,5326.0,765.0,213.0,1107.0,40981.0
1014,STONE CORRAL ELEMENTARY,9.0,568.0,122.0,13.0,4.0,1.0,24.0,741.0
1015,STONY CREEK JOINT UNIFIED,0.0,7.0,40.0,0.0,43.0,0.0,7.0,97.0
1016,STRATHMORE UNION ELEMENTARY,1.0,719.0,76.0,0.0,16.0,3.0,2.0,817.0
1017,SULPHUR SPRINGS UNION,291.0,2909.0,1425.0,507.0,15.0,8.0,215.0,5370.0
1018,SUMMERVILLE ELEMENTARY,3.0,71.0,253.0,0.0,33.0,0.0,42.0,402.0
1019,SUMMERVILLE UNION HIGH,16.0,159.0,791.0,9.0,44.0,2.0,35.0,1056.0
1020,SUNDALE UNION ELEMENTARY,3.0,389.0,419.0,6.0,3.0,0.0,1.0,821.0
1021,SUNNYSIDE UNION ELEMENTARY,0.0,321.0,33.0,1.0,0.0,0.0,0.0,355.0
1022,SUNNYVALE,88.0,1969.0,1455.0,2142.0,146.0,54.0,682.0,6536.0
1023,SUNOL GLEN UNIFIED,3.0,57.0,123.0,55.0,1.0,3.0,36.0,278.0
1024,SURPRISE VALLEY JOINT UNIFIED,0.0,26.0,72.0,1.0,16.0,0.0,1.0,116.0
1025,SUSANVILLE ELEMENTARY,15.0,261.0,604.0,25.0,53.0,50.0,88.0,1096.0
1026,SUTTER COUNTY OFFICE OF EDUCATION,10.0,177.0,179.0,30.0,6.0,1.0,24.0,427.0
1027,SUTTER UNION HIGH,4.0,198.0,492.0,22.0,17.0,0.0,43.0,776.0
1028,SWEETWATER UNION HIGH,1057.0,31293.0,2322.0,3899.0,61.0,136.0,1903.0,40671.0
1029,SYLVAN UNION ELEMENTARY,347.0,3500.0,3095.0,769.0,32.0,96.0,560.0,8399.0
1030,TAFT CITY,17.0,1213.0,887.0,15.0,9.0,7.0,68.0,2216.0
1031,TAFT UNION HIGH,8.0,454.0,520.0,5.0,18.0,9.0,20.0,1034.0
1032,TAHOE-TRUCKEE UNIFIED,11.0,1532.0,2453.0,31.0,19.0,0.0,102.0,4148.0
1033,TAMALPAIS UNION HIGH,110.0,530.0,3412.0,331.0,14.0,20.0,272.0,4689.0
1034,TEHACHAPI UNIFIED,70.0,1402.0,2753.0,67.0,32.0,5.0,67.0,4396.0
1035,TEHAMA COUNTY DEPARTMENT OF EDUCATION,3.0,44.0,147.0,0.0,0.0,0.0,14.0,208.0
1036,TEHAMA COUNTY ROP,0.0,0.0,0.0,0.0,0.0,0.0,0.0,0.0
1037,TEMECULA VALLEY UNIFIED,998.0,10000.0,12981.0,2575.0,187.0,74.0,3030.0,29845.0
1038,TEMPLE CITY UNIFIED,34.0,1227.0,508.0,3916.0,9.0,7.0,180.0,5881.0
1039,TEMPLETON UNIFIED,11.0,512.0,1682.0,44.0,14.0,5.0,120.0,2388.0
1040,TERRA BELLA UNION ELEMENTARY,3.0,875.0,24.0,8.0,2.0,0.0,2.0,914.0
1041,THERMALITO UNION ELEMENTARY,32.0,196.0,647.0,421.0,66.0,6.0,125.0,1493.0
1042,THREE RIVERS UNION ELEMENTARY,0.0,31.0,88.0,5.0,1.0,0.0,15.0,140.0
1043,TIPTON ELEMENTARY,3.0,509.0,12.0,6.0,1.0,0.0,33.0,564.0
1044,TORRANCE UNIFIED,883.0,6949.0,5320.0,8205.0,46.0,120.0,2121.0,23644.0
1045,TRACY JOINT UNIFIED,1033.0,8294.0,3603.0,2681.0,49.0,157.0,609.0,16426.0
1046,TRAVER JOINT ELEMENTARY,0.0,200.0,9.0,6.0,0.0,0.0,1.0,216.0
1047,TRAVIS UNIFIED,626.0,1297.0,2130.0,824.0,33.0,71.0,583.0,5564.0
1048,TRES PINOS UNION ELEMENTARY,0.0,34.0,86.0,0.0,1.0,0.0,3.0,124.0
1049,TRI-CITIES ROP,0.0,0.0,0.0,0.0,0.0,0.0,0.0,0.0
1050,TRI-CITIES ROP,0.0,0.0,0.0,0.0,0.0,0.0,0.0,0.0
1051,TRI-COUNTY ROP,0.0,0.0,0.0,0.0,0.0,0.0,0.0,0.0
1052,TRI-VALLEY ROP,0.0,0.0,0.0,0.0,0.0,0.0,0.0,0.0
1053,TRI-VALLEY ROP JPA,0.0,0.0,0.0,0.0,0.0,0.0,0.0,0.0
1054,TRINIDAD UNION ELEMENTARY,0.0,18.0,143.0,1.0,15.0,0.0,21.0,198.0
1055,TRINITY ALPS UNIFIED,4.0,72.0,545.0,9.0,48.0,1.0,66.0,745.0
1056,TRINITY CENTER ELEMENTARY,0.0,1.0,13.0,0.0,0.0,0.0,0.0,14.0
1057,TRINITY COUNTY OFFICE OF EDUCATION,9.0,21.0,54.0,1.0,7.0,0.0,2.0,94.0
1058,TRONA JOINT UNIFIED,0.0,0.0,0.0,0.0,0.0,0.0,0.0,0.0
1059,TULARE CITY,285.0,7411.0,1533.0,195.0,30.0,16.0,95.0,9565.0
1060,TULARE COUNTY OFFICE OF EDUCATION,36.0,1362.0,837.0,54.0,16.0,6.0,69.0,2380.0
1061,TULARE JOINT UNION HIGH,175.0,4060.0,1071.0,84.0,34.0,9.0,53.0,5486.0
1062,TULELAKE BASIN JOINT UNIFIED,2.0,345.0,92.0,0.0,1.0,0.0,9.0,449.0
1063,TUOLUMNE COUNTY SUPERINTENDENT OF SCHOOLS,2.0,40.0,156.0,5.0,4.0,1.0,11.0,219.0
1064,TURLOCK UNIFIED,296.0,8018.0,4604.0,743.0,100.0,81.0,327.0,14169.0
1065,TUSTIN UNIFIED,457.0,11275.0,6463.0,4949.0,44.0,78.0,863.0,24129.0
1066,TWAIN HARTE,0.0,37.0,203.0,2.0,3.0,3.0,6.0,254.0
1067,TWIN HILLS UNION ELEMENTARY,8.0,207.0,882.0,13.0,4.0,1.0,137.0,1252.0
1068,TWIN RIDGES ELEMENTARY,0.0,13.0,62.0,0.0,0.0,0.0,20.0,95.0
1069,TWIN RIVERS UNIFIED,4454.0,13404.0,8778.0,2873.0,241.0,454.0,1775.0,31979.0
1070,TWO ROCK UNION,1.0,73.0,75.0,1.0,0.0,3.0,13.0,166.0
1071,UKIAH UNIFIED,58.0,3264.0,2599.0,94.0,370.0,8.0,186.0,6579.0
1072,UNION ELEMENTARY,70.0,927.0,2749.0,1421.0,14.0,16.0,554.0,5751.0
1073,UNION HILL ELEMENTARY,1.0,50.0,556.0,6.0,5.0,3.0,48.0,669.0
1074,UNION JOINT ELEMENTARY,0.0,3.0,9.0,0.0,0.0,0.0,0.0,12.0
1075,UPLAND UNIFIED,895.0,6117.0,2868.0,775.0,48.0,32.0,293.0,11028.0
1076,UPPER LAKE UNIFIED,7.0,257.0,438.0,10.0,84.0,0.0,38.0,834.0
1077,UPPER LAKE UNION ELEMENTARY,0.0,0.0,0.0,0.0,0.0,0.0,0.0,0.0
1078,UPPER LAKE UNION HIGH,0.0,0.0,0.0,0.0,0.0,0.0,0.0,0.0
1079,VACAVILLE UNIFIED,780.0,4707.0,5478.0,701.0,85.0,90.0,1111.0,12952.0
1080,VAL VERDE UNIFIED,2893.0,14876.0,1014.0,558.0,76.0,81.0,413.0,19911.0
1081,VALLE LINDO ELEMENTARY,0.0,1054.0,10.0,52.0,0.0,0.0,1.0,1117.0
1082,VALLECITO UNION,1.0,100.0,440.0,6.0,8.0,1.0,36.0,592.0
1083,VALLECITOS ELEMENTARY,2.0,260.0,67.0,2.0,4.0,3.0,3.0,341.0
1084,VALLEJO CITY UNIFIED,4069.0,5850.0,1090.0,2539.0,60.0,304.0,642.0,14554.0
1085,VALLEY CENTER-PAUMA UNIFIED,21.0,2120.0,1320.0,60.0,372.0,8.0,168.0,4069.0
1086,VALLEY HOME JOINT ELEMENTARY,2.0,74.0,92.0,2.0,0.0,0.0,5.0,175.0
1087,VALLEY ROP,0.0,0.0,0.0,0.0,0.0,0.0,0.0,0.0
1088,VALLEY ROP JPA,0.0,0.0,0.0,0.0,0.0,0.0,0.0,0.0
1089,VENTURA COUNTY OFFICE OF EDUCATION,46.0,1390.0,1390.0,86.0,16.0,4.0,147.0,3079.0
1090,VENTURA COUNTY ROP,0.0,0.0,0.0,0.0,0.0,0.0,0.0,0.0
1091,VENTURA COUNTY SCHOOLS BUSINESS SERVICES JPA,0.0,0.0,0.0,0.0,0.0,0.0,0.0,0.0
1092,VENTURA UNIFIED,198.0,8791.0,6675.0,560.0,65.0,32.0,660.0,16981.0
1093,VICTOR ELEMENTARY,2457.0,7586.0,1887.0,321.0,138.0,72.0,290.0,12751.0
1094,VICTOR VALLEY UNION HIGH,2480.0,8020.0,2113.0,369.0,158.0,84.0,819.0,14043.0
1095,VINELAND ELEMENTARY,0.0,711.0,8.0,2.0,0.0,0.0,5.0,726.0
1096,VISALIA UNIFIED,441.0,19617.0,6169.0,1416.0,231.0,41.0,1017.0,28932.0
1097,VISTA DEL MAR UNION,0.0,36.0,24.0,3.0,4.0,0.0,31.0,98.0
1098,VISTA UNIFIED,720.0,15939.0,6060.0,917.0,96.0,209.0,1110.0,25051.0
1099,WALNUT CREEK ELEMENTARY,86.0,492.0,2089.0,623.0,4.0,7.0,288.0,3589.0
1100,WALNUT VALLEY UNIFIED,291.0,3410.0,1140.0,9110.0,11.0,80.0,477.0,14519.0
1101,WARNER UNIFIED,36.0,435.0,819.0,113.0,131.0,1.0,198.0,1733.0
1102,WASCO UNION ELEMENTARY,69.0,3380.0,125.0,22.0,2.0,3.0,9.0,3610.0
1103,WASCO UNION HIGH,29.0,1712.0,102.0,5.0,1.0,1.0,5.0,1855.0
1104,WASHINGTON COLONY ELEMENTARY,4.0,378.0,36.0,6.0,1.0,0.0,3.0,428.0
1105,WASHINGTON UNIFIED,454.0,3554.0,2444.0,1165.0,69.0,106.0,291.0,8083.0
1106,WASHINGTON UNIFIED,235.0,2200.0,227.0,245.0,48.0,0.0,43.0,2998.0
1107,WASHINGTON UNION ELEMENTARY,3.0,190.0,562.0,78.0,1.0,3.0,51.0,888.0
1108,WATERFORD UNIFIED,78.0,1766.0,1606.0,193.0,33.0,12.0,288.0,3976.0
1109,WAUGH ELEMENTARY,15.0,206.0,529.0,63.0,2.0,1.0,93.0,909.0
1110,WAUKENA JOINT UNION ELEMENTARY,1.0,207.0,31.0,1.0,0.0,0.0,0.0,240.0
1111,WEAVER UNION,132.0,1928.0,296.0,426.0,13.0,11.0,60.0,2866.0
1112,WEED UNION ELEMENTARY,18.0,66.0,136.0,14.0,5.0,0.0,30.0,269.0
1113,WEST CONTRA COSTA UNIFIED,5186.0,16935.0,3138.0,4674.0,69.0,205.0,929.0,31136.0
1114,WEST COUNTY TRANSPORTATION JPA,0.0,0.0,0.0,0.0,0.0,0.0,0.0,0.0
1115,WEST COVINA UNIFIED,760.0,8712.0,1302.0,1681.0,22.0,41.0,284.0,12802.0
1116,WEST PARK ELEMENTARY,12.0,518.0,58.0,36.0,6.0,0.0,8.0,638.0
1117,WEST SIDE ROP,0.0,0.0,0.0,0.0,0.0,0.0,0.0,0.0
1118,WEST SIDE ROP JPA,0.0,0.0,0.0,0.0,0.0,0.0,0.0,0.0
1119,WEST SIDE UNION ELEMENTARY,0.0,62.0,110.0,0.0,0.0,0.0,7.0,179.0
1120,WEST SONOMA COUNTY UNION HIGH,25.0,405.0,1374.0,64.0,17.0,4.0,55.0,1944.0
1121,WEST VALLEY SCHOOLS TRANSPORTATION AGENCY JPA,0.0,0.0,0.0,0.0,0.0,0.0,0.0,0.0
1122,WESTERN PLACER UNIFIED,232.0,2334.0,5388.0,506.0,106.0,60.0,394.0,9020.0
1123,WESTMINSTER,63.0,4081.0,1202.0,3667.0,30.0,59.0,236.0,9338.0
1124,WESTMORLAND UNION ELEMENTARY,0.0,363.0,17.0,0.0,0.0,0.0,0.0,380.0
1125,WESTSIDE ELEMENTARY,56.0,677.0,354.0,30.0,9.0,0.0,53.0,1179.0
1126,WESTSIDE UNION ELEMENTARY,986.0,4167.0,3206.0,401.0,20.0,12.0,510.0,9302.0
1127,WESTWOOD UNIFIED,5.0,54.0,248.0,4.0,17.0,0.0,18.0,346.0
1128,WHEATLAND,63.0,299.0,781.0,47.0,17.0,10.0,117.0,1334.0
1129,WHEATLAND UNION HIGH,25.0,223.0,364.0,21.0,9.0,2.0,95.0,739.0
1130,WHITMORE UNION ELEMENTARY,3.0,25.0,159.0,1.0,1.0,1.0,26.0,216.0
1131,WHITTIER CITY ELEMENTARY,40.0,5574.0,230.0,47.0,12.0,7.0,165.0,6075.0
1132,WHITTIER UNION HIGH,105.0,10604.0,968.0,256.0,21.0,16.0,51.0,12021.0
1133,WILLIAM (R) ROUSE ROP,0.0,0.0,0.0,0.0,0.0,0.0,0.0,0.0
1134,WILLIAM S. HART UNION HIGH,1275.0,10623.0,10383.0,2856.0,83.0,34.0,1512.0,26766.0
1135,WILLIAMS UNIFIED,4.0,1284.0,71.0,15.0,2.0,1.0,5.0,1382.0
1136,WILLITS UNIFIED,13.0,535.0,1056.0,30.0,143.0,2.0,105.0,1884.0
1137,WILLOW CREEK ELEMENTARY,0.0,2.0,25.0,0.0,3.0,0.0,9.0,39.0
1138,WILLOW GROVE UNION ELEMENTARY,0.0,18.0,1.0,0.0,0.0,0.0,0.0,19.0
1139,WILLOWS UNIFIED,8.0,707.0,565.0,74.0,36.0,5.0,29.0,1424.0
1140,WILMAR UNION ELEMENTARY,0.0,40.0,179.0,2.0,2.0,2.0,8.0,233.0
1141,WILSONA ELEMENTARY,145.0,896.0,205.0,4.0,15.0,0.0,50.0,1315.0
1142,WINDSOR UNIFIED,33.0,2648.0,2253.0,94.0,56.0,17.0,122.0,5223.0
1143,WINSHIP-ROBBINS,2.0,245.0,395.0,20.0,4.0,0.0,74.0,740.0
1144,WINTERS JOINT UNIFIED,23.0,1027.0,473.0,19.0,4.0,2.0,7.0,1555.0
1145,WINTON,15.0,1692.0,144.0,76.0,10.0,0.0,5.0,1942.0
1146,WISEBURN UNIFIED,616.0,2227.0,834.0,215.0,9.0,23.0,377.0,4301.0
1147,WOODLAKE UNIFIED,6.0,1999.0,158.0,17.0,6.0,0.0,6.0,2192.0
1148,WOODLAND JOINT UNIFIED,139.0,6843.0,2243.0,556.0,54.0,36.0,206.0,10077.0
1149,WOODSIDE ELEMENTARY,9.0,45.0,283.0,15.0,0.0,7.0,41.0,400.0
1150,WOODVILLE UNION ELEMENTARY,0.0,426.0,9.0,1.0,0.0,0.0,0.0,436.0
1151,WRIGHT ELEMENTARY,47.0,1039.0,314.0,129.0,18.0,4.0,42.0,1593.0
1152,YOLO COUNTY OFFICE OF EDUCATION,9.0,156.0,358.0,8.0,1.0,2.0,6.0,540.0
1153,YOLO COUNTY ROP,0.0,0.0,0.0,0.0,0.0,0.0,0.0,0.0
1154,YOSEMITE ROP,0.0,0.0,0.0,0.0,0.0,0.0,0.0,0.0
1155,YOSEMITE UNIFIED,13.0,411.0,1515.0,33.0,64.0,1.0,151.0,2188.0
1156,YREKA UNION ELEMENTARY,7.0,150.0,574.0,25.0,149.0,0.0,54.0,959.0
1157,YREKA UNION HIGH,5.0,98.0,424.0,8.0,36.0,0.0,63.0,634.0
1158,YUBA CITY UNIFIED,244.0,5869.0,3785.0,2538.0,86.0,44.0,718.0,13284.0
1159,YUBA COUNTY OFFICE OF EDUCATION,18.0,165.0,287.0,15.0,20.0,2.0,59.0,566.0
1160,YUCAIPA-CALIMESA JOINT UNIFIED,153.0,4038.0,4720.0,190.0,42.0,19.0,807.0,9969.0
